domain,city,state_code,service,rent_month,status,registered_on,expires_on,auto_renew,ours,site_written,phone,tenant,hosting
houstonmotorcycleaccidentlawyerpros.com,Houston,TX,Motorcycle Accident Lawyer,3000,registered,2026-08-22,2027-08-22,yes,yes,yes,,,
fortworthgaragedoorrepairpros.com,Fort Worth,TX,Garage Door Repair,2500,registered,2026-08-22,2027-08-22,yes,yes,yes,,,
sandiegodogbitelawyerpros.com,San Diego,CA,Dog Bite Lawyer,2000,registered,2026-08-22,2027-08-22,yes,yes,yes,,,
virginiabeachcaraccidentlawyerpros.com,Virginia Beach,VA,Car Accident Lawyer,2000,registered,2026-08-22,2027-08-22,yes,yes,yes,,,
mckinneygaragedoorrepairpros.com,McKinney,TX,Garage Door Repair,1500,registered,2026-08-22,2027-08-22,yes,yes,yes,,,
modestoacrepairpros.com,Modesto,CA,Air Conditioner Repair,1500,registered,2026-08-22,2027-08-22,yes,yes,yes,,,
sacramentoacrepair.com,Sacramento,CA,Air Conditioner Repair,1500,registered,2026-08-22,2027-08-22,yes,yes,yes,,,
sanjoseemergencyplumberpros.com,San Jose,CA,Emergency Plumbing,1500,registered,2026-08-22,2027-08-22,yes,yes,yes,,,
tampacriminaldefenselawyerpros.com,Tampa,FL,Criminal Defense Lawyer,1500,registered,2026-08-22,2027-08-22,yes,yes,yes,,,
allenacrepairpros.com,Allen,TX,Air Conditioner Repair,1250,registered,2026-08-22,2027-08-22,yes,yes,yes,,,
dallaswrongfuldeathlawyerpros.com,Dallas,TX,Wrongful Death Lawyer,1250,registered,2026-08-22,2027-08-22,yes,yes,yes,,,
denverfurnacerepairpros.com,Denver,CO,Furnace Repair,1250,registered,2026-08-22,2027-08-22,yes,yes,yes,,,
garagedoorrepairnapervillepros.com,Naperville,IL,Garage Door Repair,1250,registered,2026-08-22,2027-08-22,yes,yes,yes,,,
losangelesdogbitelawyerpros.com,Los Angeles,CA,Dog Bite Lawyer,1250,registered,2026-08-22,2027-08-22,yes,yes,yes,,,
orlandomovingcompanypros.com,Orlando,FL,Moving Services,1250,registered,2026-08-22,2027-08-22,yes,yes,yes,,,
sacramentodogbitelawyerpros.com,Sacramento,CA,Dog Bite Lawyer,1250,registered,2026-08-22,2027-08-22,yes,yes,yes,,,
tucsonemergencyplumberpros.com,Tucson,AZ,Emergency Plumbing,1250,registered,2026-08-22,2027-08-22,yes,yes,yes,,,
arlingtonbathroomremodelingpros.com,Arlington,TX,Bathroom Remodeling,1000,registered,2026-08-22,2027-08-22,yes,yes,yes,,,
bocaratongaragedoorrepairpros.com,Boca Raton,FL,Garage Door Repair,1000,registered,2026-08-22,2027-08-22,yes,yes,yes,,,
carrolltongaragedoorrepairexperts.com,Carrollton,TX,Garage Door Repair,1000,registered,2026-08-22,2027-08-22,yes,yes,yes,,,
cincinnatipersonalinjurylawyerpros.com,Cincinnati,OH,Personal Injury Lawyer,1000,registered,2026-08-22,2027-08-22,yes,yes,yes,,,
coloradospringsfurnacerepair.com,Colorado Springs,CO,Furnace Repair,1000,registered,2026-08-22,2027-08-22,yes,yes,yes,,,
denverdivorcelawyerpros.com,Denver,CO,Divorce Lawyer,1000,registered,2026-08-22,2027-08-22,yes,yes,yes,,,
friscogaragedoorrepairexperts.com,Frisco,TX,Garage Door Repair,1000,registered,2026-08-22,2027-08-22,yes,yes,yes,,,
longbeachpersonalinjurylawyerpros.com,Long Beach,CA,Personal Injury Lawyer,1000,registered,2026-08-22,2027-08-22,yes,yes,yes,,,
modestocaraccidentlawyerpros.com,Modesto,CA,Car Accident Lawyer,1000,registered,2026-08-22,2027-08-22,yes,yes,yes,,,
modestopersonalinjurylawyerpros.com,Modesto,CA,Personal Injury Lawyer,1000,registered,2026-08-22,2027-08-22,yes,yes,yes,,,
overlandparkgaragedoorrepairpros.com,Overland Park,KS,Garage Door Repair,1000,registered,2026-08-22,2027-08-22,yes,yes,yes,,,
tampatileroofrepair.com,Tampa,FL,Tile Roof Repair,1000,registered,2026-08-22,2027-08-22,yes,yes,yes,,,
annarborgaragedoorrepairpros.com,Ann Arbor,MI,Garage Door Repair,800,registered,2026-08-22,2027-08-22,yes,yes,yes,,,
charlotteguttercleaningpros.com,Charlotte,NC,Gutter Cleaning,800,registered,2026-08-22,2027-08-22,yes,yes,yes,,,
kansascityemergencyplumber.com,Kansas City,MO,Emergency Plumbing,800,registered,2026-08-22,2027-08-22,yes,yes,yes,,,
lasvegasdogbitelawyerpros.com,Las Vegas,NV,Dog Bite Lawyer,800,registered,2026-08-22,2027-08-22,yes,yes,,,,
louisvillecaraccidentlawyerpros.com,Louisville,KY,Car Accident Lawyer,800,registered,2026-08-22,2027-08-22,yes,yes,,,,
oceansidepersonalinjurylawyerpros.com,Oceanside,CA,Personal Injury Lawyer,800,registered,2026-08-22,2027-08-22,yes,yes,,,,
orlandoduilawyerpros.com,Orlando,FL,DUI Lawyer,800,registered,2026-08-22,2027-08-22,yes,yes,,,,
parkergaragedoorrepairexperts.com,Parker,CO,Garage Door Repair,800,registered,2026-08-22,2027-08-22,yes,yes,,,,
sanjosemovingcompanypros.com,San Jose,CA,Moving Services,800,registered,2026-08-22,2027-08-22,yes,yes,,,,
scottsdalegaragedoorrepairpros.com,Scottsdale,AZ,Garage Door Repair,800,registered,2026-08-22,2027-08-22,yes,yes,,,,
waterdamageaustinco.com,Austin,TX,Water Damage Restoration,800,registered,2026-08-22,2027-08-22,yes,yes,,,,
arvadaemergencyplumber.com,Arvada,CO,Emergency Plumbing,650,registered,2026-08-22,2027-08-22,yes,yes,,,,
atlantadogbitelawyerpros.com,Atlanta,GA,Dog Bite Lawyer,650,registered,2026-08-22,2027-08-22,yes,yes,,,,
austinroofinspectionpros.com,Austin,TX,Roof Inspection,650,registered,2026-08-22,2027-08-22,yes,yes,,,,
coloradospringsemergencyplumber.com,Colorado Springs,CO,Emergency Plumbing,650,registered,2026-08-22,2027-08-22,yes,yes,,,,
coloradospringsmoldremediationexperts.com,Colorado Springs,CO,Mold Remediation,650,registered,2026-08-22,2027-08-22,yes,yes,,,,
concordcaraccidentlawyerpros.com,Concord,NC,Car Accident Lawyer,650,registered,2026-08-22,2027-08-22,yes,yes,,,,
fortlauderdaledomesticviolencelawyer.com,Fort Lauderdale,FL,Domestic Violence Lawyer,650,registered,2026-08-22,2027-08-22,yes,yes,,,,
fresnowrongfuldeathlawyerpros.com,Fresno,CA,Wrongful Death Lawyer,650,registered,2026-08-22,2027-08-22,yes,yes,,,,
garlandgaragedoorrepairexperts.com,Garland,TX,Garage Door Repair,650,registered,2026-08-22,2027-08-22,yes,yes,,,,
phoenixleakdetectionpros.com,Phoenix,AZ,Leak Detection,650,registered,2026-08-22,2027-08-22,yes,yes,,,,
raleighmovingcompanypros.com,Raleigh,NC,Moving Services,650,registered,2026-08-22,2027-08-22,yes,yes,,,,
santaanapersonalinjurylawyerpros.com,Santa Ana,CA,Personal Injury Lawyer,650,registered,2026-08-22,2027-08-22,yes,yes,,,,
tampafamilylawattorneypros.com,Tampa,FL,Family Law Attorney,650,registered,2026-08-22,2027-08-22,yes,yes,,,,
virginiabeachpersonalinjurylawyerpros.com,Virginia Beach,VA,Personal Injury Lawyer,650,registered,2026-08-22,2027-08-22,yes,yes,,,,
appliancerepairtampaco.com,Tampa,FL,Appliance Repair,500,registered,2026-08-22,2027-08-22,yes,yes,,,,
atlantaemergencyplumberpros.com,Atlanta,GA,Emergency Plumbing,500,registered,2026-08-22,2027-08-22,yes,yes,,,,
austinwrongfuldeathlawyerpros.com,Austin,TX,Wrongful Death Lawyer,500,registered,2026-08-22,2027-08-22,yes,yes,,,,
bellevuebathroomremodeling.com,Bellevue,NE,Bathroom Remodeling,500,registered,2026-08-22,2027-08-22,yes,yes,,,,
birminghamtruckaccidentlawyerpros.com,Birmingham,AL,Truck Accident Lawyer,500,registered,2026-08-22,2027-08-22,yes,yes,,,,
concordpersonalinjurylawyer.com,Concord,NC,Personal Injury Lawyer,500,registered,2026-08-22,2027-08-22,yes,yes,,,,
dallaswindowreplacementexperts.com,Dallas,TX,Window Replacement,500,registered,2026-08-22,2027-08-22,yes,yes,,,,
danvillegaragedoorrepairpros.com,Danville,CA,Garage Door Repair,500,registered,2026-08-22,2027-08-22,yes,yes,,,,
edenprairiegaragedoorrepairpros.com,Eden Prairie,MN,Garage Door Repair,500,registered,2026-08-22,2027-08-22,yes,yes,,,,
foundationrepairaustinco.com,Austin,TX,Foundation Repair,500,registered,2026-08-22,2027-08-22,yes,yes,,,,
harrisburgcaraccidentlawyerpros.com,Harrisburg,PA,Car Accident Lawyer,500,registered,2026-08-22,2027-08-22,yes,yes,,,,
jacksonvilleemergencyplumberpros.com,Jacksonville,FL,Emergency Plumbing,500,registered,2026-08-22,2027-08-22,yes,yes,,,,
jacksonvillewrongfuldeathlawyerpros.com,Jacksonville,FL,Wrongful Death Lawyer,500,registered,2026-08-22,2027-08-22,yes,yes,,,,
jonesboropersonalinjurylawyerpros.com,Jonesboro,AR,Personal Injury Lawyer,500,registered,2026-08-22,2027-08-22,yes,yes,,,,
losangelesacinstall.com,Los Angeles,CA,Air Conditioning Installation,500,registered,2026-08-22,2027-08-22,yes,yes,,,,
mariettagaragedoorrepairpros.com,Marietta,GA,Garage Door Repair,500,registered,2026-08-22,2027-08-22,yes,yes,,,,
mesquiteacrepairpros.com,Mesquite,TX,Air Conditioner Repair,500,registered,2026-08-22,2027-08-22,yes,yes,,,,
neworleansmotorcycleaccidentlawyerpros.com,New Orleans,LA,Motorcycle Accident Lawyer,500,registered,2026-08-22,2027-08-22,yes,yes,,,,
newportbeachduilawyerpros.com,Newport Beach,CA,DUI Lawyer,500,registered,2026-08-22,2027-08-22,yes,yes,,,,
newyorkdogbitelawyerpros.com,New York,NY,Dog Bite Lawyer,500,registered,2026-08-22,2027-08-22,yes,yes,,,,
oxnardcaraccidentlawyerpros.com,Oxnard,CA,Car Accident Lawyer,500,registered,2026-08-22,2027-08-22,yes,yes,,,,
salinascaraccidentlawyer.com,Salinas,CA,Car Accident Lawyer,500,registered,2026-08-22,2027-08-22,yes,yes,,,,
sandiegoleakdetectionpros.com,San Diego,CA,Leak Detection,500,registered,2026-08-22,2027-08-22,yes,yes,,,,
sandiegowrongfulterminationlaw.com,San Diego,CA,Wrongful Termination Lawyer,500,registered,2026-08-22,2027-08-22,yes,yes,,,,
sanjoseduilawyerpros.com,San Jose,CA,DUI Lawyer,500,registered,2026-08-22,2027-08-22,yes,yes,,,,
santabarbaracaraccidentlawyer.com,Santa Barbara,CA,Car Accident Lawyer,500,registered,2026-08-22,2027-08-22,yes,yes,,,,
tempeduilawyerpros.com,Tempe,AZ,DUI Lawyer,500,registered,2026-08-22,2027-08-22,yes,yes,,,,
victorvillecaraccidentlawyerpros.com,Victorville,CA,Car Accident Lawyer,500,registered,2026-08-22,2027-08-22,yes,yes,,,,
westcovinacaraccidentlawyerpros.com,West Covina,CA,Car Accident Lawyer,500,registered,2026-08-22,2027-08-22,yes,yes,,,,
