domain,status,business name,phone,street address,address 2,city,state,zip,category (our service),website,description (200-750 chars),desc len,contact,email,ezlocal url
annarborgaragedoorrepairpros.com,DONE,Ann Arbor Garage Door Repair Pros,(734) 888-2606,8210 Eastwood,,Ann Arbor,MI,48104,Garage Door Repair,https://annarborgaragedoorrepairpros.com,"Ann Arbor Garage Door Repair Pros connects Ann Arbor, MI homeowners with local garage door repair professionals. Call (734) 888-2606 to describe the problem and get a price before any work begins. We serve Ann Arbor and the surrounding Washtenaw County area.",258,Dan Poore,danpoore99@gmail.com,https://ezlocal.com/mi/ann-arbor/garage-door-repair/0919825812
phoenixleakdetectionpros.com,READY,Phoenix Leak Detection Pros,(602) 894-0220,4233 E Camelback Rd,STE 100,Phoenix,AZ,85006,Leak Detection,https://phoenixleakdetectionpros.com,"Phoenix Leak Detection Pros connects Phoenix, AZ homeowners with local leak detection professionals. Call (602) 894-0220 to describe the problem and get a price before any work begins. We serve Phoenix and the surrounding Maricopa County area.",243,Dan Poore,danpoore99@gmail.com,
scottsdalegaragedoorrepairpros.com,READY,Scottsdale Garage Door Repair Pros,(480) 919-1801,4645 N Scottsdale Rd,STE 200,Scottsdale,AZ,85254,Garage Door Repair,https://scottsdalegaragedoorrepairpros.com,"Scottsdale Garage Door Repair Pros connects Scottsdale, AZ homeowners with local garage door repair professionals. Call (480) 919-1801 to describe the problem and get a price before any work begins. We serve Scottsdale and the surrounding Maricopa County area.",260,Dan Poore,danpoore99@gmail.com,
tucsonemergencyplumberpros.com,READY,Tucson Emergency Plumbing Pros,(520) 521-1268,1483 E Broadway Blvd,STE 200,Tucson,AZ,85706,Emergency Plumbing,https://tucsonemergencyplumberpros.com,"Tucson Emergency Plumbing Pros connects Tucson, AZ homeowners with local emergency plumbing professionals. Call (520) 521-1268 to describe the problem and get a price before any work begins. We serve Tucson and the surrounding Pima County area.",244,Dan Poore,danpoore99@gmail.com,
arvadaemergencyplumber.com,READY,Arvada Emergency Plumbing Pros,(720) 640-0287,2105 Wadsworth Blvd,STE 110,Arvada,CO,80004,Emergency Plumbing,https://arvadaemergencyplumber.com,"Arvada Emergency Plumbing Pros connects Arvada, CO homeowners with local emergency plumbing professionals. Call (720) 640-0287 to describe the problem and get a price before any work begins. We serve Arvada and the surrounding Jefferson County area.",249,Dan Poore,danpoore99@gmail.com,
coloradospringsemergencyplumber.com,READY,Colorado Springs Emergency Plumbing Pros,(719) 850-5028,1477 N Academy Blvd,STE 310,Colorado Springs,CO,80905,Emergency Plumbing,https://coloradospringsemergencyplumber.com,"Colorado Springs Emergency Plumbing Pros connects Colorado Springs, CO homeowners with local emergency plumbing professionals. Call (719) 850-5028 to describe the problem and get a price before any work begins.",210,Dan Poore,danpoore99@gmail.com,
coloradospringsfurnacerepair.com,READY,Colorado Springs Furnace Repair Pros,(719) 872-1436,4639 N Academy Blvd,STE 200,Colorado Springs,CO,80905,Furnace Repair,https://coloradospringsfurnacerepair.com,"Colorado Springs Furnace Repair Pros connects Colorado Springs, CO homeowners with local furnace repair professionals. Call (719) 872-1436 to describe the problem and get a price before any work begins. We serve Colorado Springs and the surrounding El Paso County area.",269,Dan Poore,danpoore99@gmail.com,
coloradospringsmoldremediationexperts.com,READY,Colorado Springs Mold Remediation Pros,(719) 435-8032,1477 N Academy Blvd,STE 110,Colorado Springs,CO,80905,Mold Remediation,https://coloradospringsmoldremediationexperts.com,"Colorado Springs Mold Remediation Pros connects Colorado Springs, CO homeowners with local mold remediation professionals. Call (719) 435-8032 to describe the problem and get a price before any work begins.",206,Dan Poore,danpoore99@gmail.com,
denverfurnacerepairpros.com,READY,Denver Furnace Repair Pros,(303) 955-3612,1477 E Colfax Ave,STE 180,Denver,CO,80204,Furnace Repair,https://denverfurnacerepairpros.com,"Denver Furnace Repair Pros connects Denver, CO homeowners with local furnace repair professionals. Call (303) 955-3612 to describe the problem and get a price before any work begins. We serve Denver and the surrounding Denver County area.",238,Dan Poore,danpoore99@gmail.com,
parkergaragedoorrepairexperts.com,READY,Parker Garage Door Repair Pros,(720) 735-8376,5141 S Parker Rd,STE 300,Parker,CO,80134,Garage Door Repair,https://parkergaragedoorrepairexperts.com,"Parker Garage Door Repair Pros connects Parker, CO homeowners with local garage door repair professionals. Call (720) 735-8376 to describe the problem and get a price before any work begins. We serve Parker and the surrounding Douglas County area.",247,Dan Poore,danpoore99@gmail.com,
bocaratongaragedoorrepairpros.com,READY,Boca Raton Garage Door Repair Pros,(561) 576-0305,1227 W Palmetto Park Rd,STE 120,Boca Raton,FL,33432,Garage Door Repair,https://bocaratongaragedoorrepairpros.com,"Boca Raton Garage Door Repair Pros connects Boca Raton, FL homeowners with local garage door repair professionals. Call (561) 576-0305 to describe the problem and get a price before any work begins. We serve Boca Raton and the surrounding Palm Beach County area.",262,Dan Poore,danpoore99@gmail.com,
jacksonvilleemergencyplumberpros.com,READY,Jacksonville Emergency Plumbing Pros,(904) 582-1651,2471 N Main St,STE 110,Jacksonville,FL,32205,Emergency Plumbing,https://jacksonvilleemergencyplumberpros.com,"Jacksonville Emergency Plumbing Pros connects Jacksonville, FL homeowners with local emergency plumbing professionals. Call (904) 582-1651 to describe the problem and get a price before any work begins. We serve Jacksonville and the surrounding Duval County area.",263,Dan Poore,danpoore99@gmail.com,
orlandomovingcompanypros.com,READY,Orlando Moving Services Pros,(321) 463-9055,1209 International Dr,STE 210,Orlando,FL,32805,Moving Services,https://orlandomovingcompanypros.com,"Orlando Moving Services Pros connects Orlando, FL homeowners with local moving services professionals. Call (321) 463-9055 to describe the problem and get a price before any work begins. We serve Orlando and the surrounding Orange County area.",243,Dan Poore,danpoore99@gmail.com,
appliancerepairtampaco.com,READY,Tampa Appliance Repair Pros,(813) 722-1409,3755 W Westshore Blvd,STE 200,Tampa,FL,33604,Appliance Repair,https://appliancerepairtampaco.com,"Tampa Appliance Repair Pros connects Tampa, FL homeowners with local appliance repair professionals. Call (813) 722-1409 to describe the problem and get a price before any work begins. We serve Tampa and the surrounding Hillsborough County area.",245,Dan Poore,danpoore99@gmail.com,
tampatileroofrepair.com,READY,Tampa Tile Roof Repair Pros,(813) 742-0423,3501 W Westshore Blvd,STE 240,Tampa,FL,33604,Tile Roof Repair,https://tampatileroofrepair.com,"Tampa Tile Roof Repair Pros connects Tampa, FL homeowners with local tile roof repair professionals. Call (813) 742-0423 to describe the problem and get a price before any work begins. We serve Tampa and the surrounding Hillsborough County area.",245,Dan Poore,danpoore99@gmail.com,
atlantaemergencyplumberpros.com,READY,Atlanta Emergency Plumbing Pros,(404) 341-4588,2105 N Highland Ave,STE 300,Atlanta,GA,30306,Emergency Plumbing,https://atlantaemergencyplumberpros.com,"Atlanta Emergency Plumbing Pros connects Atlanta, GA homeowners with local emergency plumbing professionals. Call (404) 341-4588 to describe the problem and get a price before any work begins. We serve Atlanta and the surrounding Fulton County area.",249,Dan Poore,danpoore99@gmail.com,
mariettagaragedoorrepairpros.com,READY,Marietta Garage Door Repair Pros,(678) 719-4781,3141 Roswell Rd,STE 240,Marietta,GA,30064,Garage Door Repair,https://mariettagaragedoorrepairpros.com,"Marietta Garage Door Repair Pros connects Marietta, GA homeowners with local garage door repair professionals. Call (678) 719-4781 to describe the problem and get a price before any work begins. We serve Marietta and the surrounding Cobb County area.",250,Dan Poore,danpoore99@gmail.com,
garagedoorrepairnapervillepros.com,READY,Naperville Garage Door Pros,(630) 389-8193,3777 Ogden Ave,STE 200,Naperville,IL,60564,Garage Door Repair,https://garagedoorrepairnapervillepros.com,"Naperville Garage Door Pros connects Naperville, IL homeowners with local garage door repair professionals. Call (630) 389-8193 to describe the problem and get a price before any work begins. We serve Naperville and the surrounding DuPage County area.",251,Dan Poore,danpoore99@gmail.com,
overlandparkgaragedoorrepairpros.com,READY,Overland Park Garage Door Repair Pros,(913) 799-8294,3765 Metcalf Ave,STE 310,Overland Park,KS,66213,Garage Door Repair,https://overlandparkgaragedoorrepairpros.com,"Overland Park Garage Door Repair Pros connects Overland Park, KS homeowners with local garage door repair professionals. Call (913) 799-8294 to describe the problem and get a price before any work begins. We serve Overland Park and the surrounding Johnson County area.",268,Dan Poore,danpoore99@gmail.com,
edenprairiegaragedoorrepairpros.com,READY,Eden Prairie Garage Door Repair Pros,(952) 866-9214,3771 Eden Prairie Rd,STE 200,Eden Prairie,MN,55346,Garage Door Repair,https://edenprairiegaragedoorrepairpros.com,"Eden Prairie Garage Door Repair Pros connects Eden Prairie, MN homeowners with local garage door repair professionals. Call (952) 866-9214 to describe the problem and get a price before any work begins. We serve Eden Prairie and the surrounding Hennepin County area.",266,Dan Poore,danpoore99@gmail.com,
kansascityemergencyplumber.com,READY,Kansas City Emergency Plumbing Pros,(816) 264-1558,2483 Main St,STE 210,Kansas City,MO,64105,Emergency Plumbing,https://kansascityemergencyplumber.com,"Kansas City Emergency Plumbing Pros connects Kansas City, MO homeowners with local emergency plumbing professionals. Call (816) 264-1558 to describe the problem and get a price before any work begins. We serve Kansas City and the surrounding Jackson County area.",262,Dan Poore,danpoore99@gmail.com,
charlotteguttercleaningpros.com,READY,Charlotte Gutter Cleaning Pros,(980) 907-8311,3755 N Tryon St,STE 310,Charlotte,NC,28204,Gutter Cleaning,https://charlotteguttercleaningpros.com,"Charlotte Gutter Cleaning Pros connects Charlotte, NC homeowners with local gutter cleaning professionals. Call (980) 907-8311 to describe the problem and get a price before any work begins. We serve Charlotte and the surrounding Mecklenburg County area.",254,Dan Poore,danpoore99@gmail.com,
raleighmovingcompanypros.com,READY,Raleigh Moving Services Pros,(919) 913-6126,3521 Hillsborough St,STE 300,Raleigh,NC,27604,Moving Services,https://raleighmovingcompanypros.com,"Raleigh Moving Services Pros connects Raleigh, NC homeowners with local moving services professionals. Call (919) 913-6126 to describe the problem and get a price before any work begins. We serve Raleigh and the surrounding Wake County area.",241,Dan Poore,danpoore99@gmail.com,
bellevuebathroomremodeling.com,READY,Bellevue Bathroom Remodeling Pros,(402) 698-8275,1227 Fort Crook Rd N,STE 310,Bellevue,NE,68005,Bathroom Remodeling,https://bellevuebathroomremodeling.com,"Bellevue Bathroom Remodeling Pros connects Bellevue, NE homeowners with local bathroom remodeling professionals. Call (402) 698-8275 to describe the problem and get a price before any work begins. We serve Bellevue and the surrounding Sarpy County area.",253,Dan Poore,danpoore99@gmail.com,
allenacrepairpros.com,READY,Allen Air Conditioner Repair Pros,(214) 722-4321,2869 Exchange Pkwy,STE 210,Allen,TX,75002,Air Conditioner Repair,https://allenacrepairpros.com,"Allen Air Conditioner Repair Pros connects Allen, TX homeowners with local air conditioner repair professionals. Call (214) 722-4321 to describe the problem and get a price before any work begins. We serve Allen and the surrounding Collin County area.",251,Dan Poore,danpoore99@gmail.com,
arlingtonbathroomremodelingpros.com,READY,Arlington Bathroom Remodeling Pros,(682) 628-2026,4205 Matlock Rd,STE 300,Arlington,TX,76011,Bathroom Remodeling,https://arlingtonbathroomremodelingpros.com,"Arlington Bathroom Remodeling Pros connects Arlington, TX homeowners with local bathroom remodeling professionals. Call (682) 628-2026 to describe the problem and get a price before any work begins. We serve Arlington and the surrounding Tarrant County area.",258,Dan Poore,danpoore99@gmail.com,
austinroofinspectionpros.com,READY,Austin Roof Inspection Pros,(512) 543-9525,3125 S Congress Ave,STE 310,Austin,TX,78703,Roof Inspection,https://austinroofinspectionpros.com,"Austin Roof Inspection Pros connects Austin, TX homeowners with local roof inspection professionals. Call (512) 543-9525 to describe the problem and get a price before any work begins. We serve Austin and the surrounding Travis County area.",240,Dan Poore,danpoore99@gmail.com,
foundationrepairaustinco.com,READY,Austin Foundation Repair Pros,(512) 729-9323,3771 S Congress Ave,STE 120,Austin,TX,78703,Foundation Repair,https://foundationrepairaustinco.com,"Austin Foundation Repair Pros connects Austin, TX homeowners with local foundation repair professionals. Call (512) 729-9323 to describe the problem and get a price before any work begins. We serve Austin and the surrounding Travis County area.",244,Dan Poore,danpoore99@gmail.com,
waterdamageaustinco.com,READY,Austin Water Damage Restoration Pros,(512) 566-1943,2869 S Congress Ave,STE 300,Austin,TX,78703,Water Damage Restoration,https://waterdamageaustinco.com,"Austin Water Damage Restoration Pros connects Austin, TX homeowners with local water damage restoration professionals. Call (512) 566-1943 to describe the problem and get a price before any work begins. We serve Austin and the surrounding Travis County area.",258,Dan Poore,danpoore99@gmail.com,
carrolltongaragedoorrepairexperts.com,READY,Carrollton Garage Door Repair Pros,(214) 817-0539,2471 Hebron Pkwy,STE 120,Carrollton,TX,75010,Garage Door Repair,https://carrolltongaragedoorrepairexperts.com,"Carrollton Garage Door Repair Pros connects Carrollton, TX homeowners with local garage door repair professionals. Call (214) 817-0539 to describe the problem and get a price before any work begins. We serve Carrollton and the surrounding Dallas County area.",258,Dan Poore,danpoore99@gmail.com,
dallaswindowreplacementexperts.com,READY,Dallas Window Replacement Pros,(214) 817-0398,3161 Ross Ave,STE 200,Dallas,TX,75203,Window Replacement,https://dallaswindowreplacementexperts.com,"Dallas Window Replacement Pros connects Dallas, TX homeowners with local window replacement professionals. Call (214) 817-0398 to describe the problem and get a price before any work begins. We serve Dallas and the surrounding Dallas County area.",246,Dan Poore,danpoore99@gmail.com,
fortworthgaragedoorrepairpros.com,READY,Fort Worth Garage Door Repair Pros,(682) 380-8979,4205 W 7th St,STE 110,Fort Worth,TX,76104,Garage Door Repair,https://fortworthgaragedoorrepairpros.com,"Fort Worth Garage Door Repair Pros connects Fort Worth, TX homeowners with local garage door repair professionals. Call (682) 380-8979 to describe the problem and get a price before any work begins. We serve Fort Worth and the surrounding Tarrant County area.",259,Dan Poore,danpoore99@gmail.com,
friscogaragedoorrepairexperts.com,READY,Frisco Garage Door Repair Pros,(214) 997-0301,3125 Preston Rd,STE 110,Frisco,TX,75034,Garage Door Repair,https://friscogaragedoorrepairexperts.com,"Frisco Garage Door Repair Pros connects Frisco, TX homeowners with local garage door repair professionals. Call (214) 997-0301 to describe the problem and get a price before any work begins. We serve Frisco and the surrounding Collin County area.",246,Dan Poore,danpoore99@gmail.com,
garlandgaragedoorrepairexperts.com,READY,Garland Garage Door Repair Pros,(214) 935-5873,2893 Buckingham Rd,STE 200,Garland,TX,75042,Garage Door Repair,https://garlandgaragedoorrepairexperts.com,"Garland Garage Door Repair Pros connects Garland, TX homeowners with local garage door repair professionals. Call (214) 935-5873 to describe the problem and get a price before any work begins. We serve Garland and the surrounding Dallas County area.",249,Dan Poore,danpoore99@gmail.com,
mckinneygaragedoorrepairpros.com,READY,McKinney Garage Door Repair Pros,(214) 935-5494,1459 Eldorado Pkwy,STE 240,McKinney,TX,75070,Garage Door Repair,https://mckinneygaragedoorrepairpros.com,"McKinney Garage Door Repair Pros connects McKinney, TX homeowners with local garage door repair professionals. Call (214) 935-5494 to describe the problem and get a price before any work begins. We serve McKinney and the surrounding area.",238,Dan Poore,danpoore99@gmail.com,
mesquiteacrepairpros.com,READY,Mesquite Air Conditioner Repair Pros,(214) 390-8347,3147 W Main St,STE 180,Mesquite,TX,75181,Air Conditioner Repair,https://mesquiteacrepairpros.com,"Mesquite Air Conditioner Repair Pros connects Mesquite, TX homeowners with local air conditioner repair professionals. Call (214) 390-8347 to describe the problem and get a price before any work begins. We serve Mesquite and the surrounding Dallas County area.",260,Dan Poore,danpoore99@gmail.com,
danvillegaragedoorrepairpros.com,CA - hold,Danville Garage Door Repair Pros,(925) 230-5528,2875 San Ramon Valley Blvd,STE 150,Danville,CA,94526,Garage Door Repair,https://danvillegaragedoorrepairpros.com,"Danville Garage Door Repair Pros connects Danville, CA homeowners with local garage door repair professionals. Call (925) 230-5528 to describe the problem and get a price before any work begins. We serve Danville and the surrounding Contra Costa County area.",258,Dan Poore,danpoore99@gmail.com,
losangelesacinstall.com,CA - hold,Los Angeles Air Conditioning Installation Pros,(213) 771-9221,4205 S Main St,STE 240,Los Angeles,CA,90003,Air Conditioning Installation,https://losangelesacinstall.com,"Los Angeles Air Conditioning Installation Pros connects Los Angeles, CA homeowners with local air conditioning installation professionals. Call (213) 771-9221 to describe the problem and get a price before any work begins.",222,Dan Poore,danpoore99@gmail.com,
modestoacrepairpros.com,CA - hold,Modesto Air Conditioner Repair Pros,(209) 309-9163,1721 McHenry Ave,STE 210,Modesto,CA,95354,Air Conditioner Repair,https://modestoacrepairpros.com,"Modesto Air Conditioner Repair Pros connects Modesto, CA homeowners with local air conditioner repair professionals. Call (209) 309-9163 to describe the problem and get a price before any work begins. We serve Modesto and the surrounding Stanislaus County area.",261,Dan Poore,danpoore99@gmail.com,
sacramentoacrepair.com,CA - hold,Sacramento Air Conditioner Repair Pros,(916) 884-9420,3141 K St,STE 210,Sacramento,CA,95816,Air Conditioner Repair,https://sacramentoacrepair.com,"Sacramento Air Conditioner Repair Pros connects Sacramento, CA homeowners with local air conditioner repair professionals. Call (916) 884-9420 to describe the problem and get a price before any work begins.",206,Dan Poore,danpoore99@gmail.com,
sandiegoleakdetectionpros.com,CA - hold,San Diego Leak Detection Pros,(619) 603-0192,3489 University Ave,STE 110,San Diego,CA,92103,Leak Detection,https://sandiegoleakdetectionpros.com,"San Diego Leak Detection Pros connects San Diego, CA homeowners with local leak detection professionals. Call (619) 603-0192 to describe the problem and get a price before any work begins. We serve San Diego and the surrounding San Diego County area.",250,Dan Poore,danpoore99@gmail.com,
sanjoseemergencyplumberpros.com,CA - hold,San Jose Emergency Plumbing Pros,(408) 512-2397,1707 Stevens Creek Blvd,STE 110,San Jose,CA,95112,Emergency Plumbing,https://sanjoseemergencyplumberpros.com,"San Jose Emergency Plumbing Pros connects San Jose, CA homeowners with local emergency plumbing professionals. Call (408) 512-2397 to describe the problem and get a price before any work begins. We serve San Jose and the surrounding Santa Clara County area.",257,Dan Poore,danpoore99@gmail.com,
sanjosemovingcompanypros.com,CA - hold,San Jose Moving Services Pros,(408) 461-6238,2887 Stevens Creek Blvd,STE 100,San Jose,CA,95112,Moving Services,https://sanjosemovingcompanypros.com,"San Jose Moving Services Pros connects San Jose, CA homeowners with local moving services professionals. Call (408) 461-6238 to describe the problem and get a price before any work begins. We serve San Jose and the surrounding Santa Clara County area.",251,Dan Poore,danpoore99@gmail.com,
birminghamtruckaccidentlawyerpros.com,LEGAL - FROZEN,Birmingham Truck Accident Law Pros,(205) 931-3685,3125 20th St S,STE 150,Birmingham,AL,35205,Truck Accident Lawyer,https://birminghamtruckaccidentlawyerpros.com,"Birmingham Truck Accident Law Pros connects Birmingham, AL homeowners with local truck accident lawyer professionals. Call (205) 931-3685 to describe the problem and get a price before any work begins. We serve Birmingham and the surrounding Jefferson County area.",264,Dan Poore,danpoore99@gmail.com,
jonesboropersonalinjurylawyerpros.com,LEGAL - FROZEN,Jonesboro Personal Injury Law Pros,(870) 384-3198,4657 S Main St,STE 240,Jonesboro,AR,72401,Personal Injury Lawyer,https://jonesboropersonalinjurylawyerpros.com,"Jonesboro Personal Injury Law Pros connects Jonesboro, AR homeowners with local personal injury lawyer professionals. Call (870) 384-3198 to describe the problem and get a price before any work begins. We serve Jonesboro and the surrounding Craighead County area.",263,Dan Poore,danpoore99@gmail.com,
tempeduilawyerpros.com,LEGAL - FROZEN,Tempe DUI Law Pros,(480) 741-9606,2455 S Mill Ave,STE 120,Tempe,AZ,85283,DUI Lawyer,https://tempeduilawyerpros.com,"Tempe DUI Law Pros connects Tempe, AZ homeowners with local dui lawyer professionals. Call (480) 741-9606 to describe the problem and get a price before any work begins. We serve Tempe and the surrounding Maricopa County area.",226,Dan Poore,danpoore99@gmail.com,
fresnowrongfuldeathlawyerpros.com,LEGAL - FROZEN,Fresno Wrongful Death Law Pros,(559) 340-5097,2869 N Blackstone Ave,STE 240,Fresno,CA,93703,Wrongful Death Lawyer,https://fresnowrongfuldeathlawyerpros.com,"Fresno Wrongful Death Law Pros connects Fresno, CA homeowners with local wrongful death lawyer professionals. Call (559) 340-5097 to describe the problem and get a price before any work begins. We serve Fresno and the surrounding Fresno County area.",249,Dan Poore,danpoore99@gmail.com,
longbeachpersonalinjurylawyerpros.com,LEGAL - FROZEN,Long Beach Personal Injury Law Pros,(562) 586-9166,3495 Atlantic Ave,STE 120,Long Beach,CA,90805,Personal Injury Lawyer,https://longbeachpersonalinjurylawyerpros.com,"Long Beach Personal Injury Law Pros connects Long Beach, CA homeowners with local personal injury lawyer professionals. Call (562) 586-9166 to describe the problem and get a price before any work begins. We serve Long Beach and the surrounding Los Angeles County area.",268,Dan Poore,danpoore99@gmail.com,
losangelesdogbitelawyerpros.com,LEGAL - FROZEN,Los Angeles Dog Bite Law Pros,(213) 953-1047,1209 S Main St,STE 180,Los Angeles,CA,90003,Dog Bite Lawyer,https://losangelesdogbitelawyerpros.com,"Los Angeles Dog Bite Law Pros connects Los Angeles, CA homeowners with local dog bite lawyer professionals. Call (213) 953-1047 to describe the problem and get a price before any work begins. We serve Los Angeles and the surrounding Los Angeles County area.",257,Dan Poore,danpoore99@gmail.com,
modestocaraccidentlawyerpros.com,LEGAL - FROZEN,Modesto Car Accident Law Pros,(209) 805-9881,3765 McHenry Ave,STE 210,Modesto,CA,95354,Car Accident Lawyer,https://modestocaraccidentlawyerpros.com,"Modesto Car Accident Law Pros connects Modesto, CA homeowners with local car accident lawyer professionals. Call (209) 805-9881 to describe the problem and get a price before any work begins. We serve Modesto and the surrounding Stanislaus County area.",252,Dan Poore,danpoore99@gmail.com,
modestopersonalinjurylawyerpros.com,LEGAL - FROZEN,Modesto Personal Injury Law Pros,(209) 309-9564,2893 McHenry Ave,STE 210,Modesto,CA,95354,Personal Injury Lawyer,https://modestopersonalinjurylawyerpros.com,"Modesto Personal Injury Law Pros connects Modesto, CA homeowners with local personal injury lawyer professionals. Call (209) 309-9564 to describe the problem and get a price before any work begins. We serve Modesto and the surrounding Stanislaus County area.",258,Dan Poore,danpoore99@gmail.com,
newportbeachduilawyerpros.com,LEGAL - FROZEN,Newport Beach DUI Law Pros,(949) 593-2793,1689 Newport Blvd,STE 150,Newport Beach,CA,92661,DUI Lawyer,https://newportbeachduilawyerpros.com,"Newport Beach DUI Law Pros connects Newport Beach, CA homeowners with local dui lawyer professionals. Call (949) 593-2793 to describe the problem and get a price before any work begins. We serve Newport Beach and the surrounding Orange County area.",248,Dan Poore,danpoore99@gmail.com,
oceansidepersonalinjurylawyerpros.com,LEGAL - FROZEN,Oceanside Personal Injury Law Pros,(442) 246-8708,3521 Mission Ave,STE 310,Oceanside,CA,92057,Personal Injury Lawyer,https://oceansidepersonalinjurylawyerpros.com,"Oceanside Personal Injury Law Pros connects Oceanside, CA homeowners with local personal injury lawyer professionals. Call (442) 246-8708 to describe the problem and get a price before any work begins. We serve Oceanside and the surrounding San Diego County area.",263,Dan Poore,danpoore99@gmail.com,
oxnardcaraccidentlawyerpros.com,LEGAL - FROZEN,Oxnard Car Accident Law Pros,(805) 344-5595,4215 S Oxnard Blvd,STE 120,Oxnard,CA,93035,Car Accident Lawyer,https://oxnardcaraccidentlawyerpros.com,"Oxnard Car Accident Law Pros connects Oxnard, CA homeowners with local car accident lawyer professionals. Call (805) 344-5595 to describe the problem and get a price before any work begins. We serve Oxnard and the surrounding Ventura County area.",246,Dan Poore,danpoore99@gmail.com,
sacramentodogbitelawyerpros.com,LEGAL - FROZEN,Sacramento Dog Bite Law Pros,(916) 937-0789,3125 K St,STE 240,Sacramento,CA,95816,Dog Bite Lawyer,https://sacramentodogbitelawyerpros.com,"Sacramento Dog Bite Law Pros connects Sacramento, CA homeowners with local dog bite lawyer professionals. Call (916) 937-0789 to describe the problem and get a price before any work begins. We serve Sacramento and the surrounding Sacramento County area.",253,Dan Poore,danpoore99@gmail.com,
salinascaraccidentlawyer.com,LEGAL - FROZEN,Salinas Car Accident Law Pros,(831) 613-8424,4651 N Main St,STE 100,Salinas,CA,93906,Car Accident Lawyer,https://salinascaraccidentlawyer.com,"Salinas Car Accident Law Pros connects Salinas, CA homeowners with local car accident lawyer professionals. Call (831) 613-8424 to describe the problem and get a price before any work begins. We serve Salinas and the surrounding Monterey County area.",250,Dan Poore,danpoore99@gmail.com,
sandiegodogbitelawyerpros.com,LEGAL - FROZEN,San Diego Dog Bite Law Pros,(619) 658-9664,2105 University Ave,STE 150,San Diego,CA,92103,Dog Bite Lawyer,https://sandiegodogbitelawyerpros.com,"San Diego Dog Bite Law Pros connects San Diego, CA homeowners with local dog bite lawyer professionals. Call (619) 658-9664 to describe the problem and get a price before any work begins. We serve San Diego and the surrounding San Diego County area.",249,Dan Poore,danpoore99@gmail.com,
sandiegowrongfulterminationlaw.com,LEGAL - FROZEN,San Diego Wrongful Termination Law Pros,(619) 612-9902,2887 University Ave,STE 100,San Diego,CA,92103,Wrongful Termination Lawyer,https://sandiegowrongfulterminationlaw.com,"San Diego Wrongful Termination Law Pros connects San Diego, CA homeowners with local wrongful termination lawyer professionals. Call (619) 612-9902 to describe the problem and get a price before any work begins.",211,Dan Poore,danpoore99@gmail.com,
sanjoseduilawyerpros.com,LEGAL - FROZEN,San Jose DUI Law Pros,(408) 745-4909,1455 Stevens Creek Blvd,STE 310,San Jose,CA,95112,DUI Lawyer,https://sanjoseduilawyerpros.com,"San Jose DUI Law Pros connects San Jose, CA homeowners with local dui lawyer professionals. Call (408) 745-4909 to describe the problem and get a price before any work begins. We serve San Jose and the surrounding Santa Clara County area.",238,Dan Poore,danpoore99@gmail.com,
santaanapersonalinjurylawyerpros.com,LEGAL - FROZEN,Santa Ana Personal Injury Law Pros,(657) 359-9924,1491 E 4th St,STE 150,Santa Ana,CA,92704,Personal Injury Lawyer,https://santaanapersonalinjurylawyerpros.com,"Santa Ana Personal Injury Law Pros connects Santa Ana, CA homeowners with local personal injury lawyer professionals. Call (657) 359-9924 to describe the problem and get a price before any work begins. We serve Santa Ana and the surrounding Orange County area.",260,Dan Poore,danpoore99@gmail.com,
santabarbaracaraccidentlawyer.com,LEGAL - FROZEN,Santa Barbara Car Accident Law Pros,(805) 467-0462,4221 State St,STE 120,Santa Barbara,CA,93105,Car Accident Lawyer,https://santabarbaracaraccidentlawyer.com,"Santa Barbara Car Accident Law Pros connects Santa Barbara, CA homeowners with local car accident lawyer professionals. Call (805) 467-0462 to describe the problem and get a price before any work begins. We serve Santa Barbara and the surrounding Santa Barbara County area.",273,Dan Poore,danpoore99@gmail.com,
victorvillecaraccidentlawyerpros.com,LEGAL - FROZEN,Victorville Car Accident Law Pros,(442) 936-8681,5115 Bear Valley Rd,STE 240,Victorville,CA,92395,Car Accident Lawyer,https://victorvillecaraccidentlawyerpros.com,"Victorville Car Accident Law Pros connects Victorville, CA homeowners with local car accident lawyer professionals. Call (442) 936-8681 to describe the problem and get a price before any work begins. We serve Victorville and the surrounding area.",246,Dan Poore,danpoore99@gmail.com,
westcovinacaraccidentlawyerpros.com,LEGAL - FROZEN,West Covina Car Accident Law Pros,(626) 263-8045,1241 E Valley Blvd,STE 300,West Covina,CA,91792,Car Accident Lawyer,https://westcovinacaraccidentlawyerpros.com,"West Covina Car Accident Law Pros connects West Covina, CA homeowners with local car accident lawyer professionals. Call (626) 263-8045 to describe the problem and get a price before any work begins. We serve West Covina and the surrounding Los Angeles County area.",265,Dan Poore,danpoore99@gmail.com,
denverdivorcelawyerpros.com,LEGAL - FROZEN,Denver Divorce Law Pros,(303) 955-3375,1713 E Colfax Ave,STE 150,Denver,CO,80204,Divorce Lawyer,https://denverdivorcelawyerpros.com,"Denver Divorce Law Pros connects Denver, CO homeowners with local divorce lawyer professionals. Call (303) 955-3375 to describe the problem and get a price before any work begins. We serve Denver and the surrounding Denver County area.",235,Dan Poore,danpoore99@gmail.com,
fortlauderdaledomesticviolencelawyer.com,LEGAL - FROZEN,Fort Lauderdale Domestic Violence Law Pros,(754) 291-8480,5121 E Las Olas Blvd,STE 180,Fort Lauderdale,FL,33311,Domestic Violence Lawyer,https://fortlauderdaledomesticviolencelawyer.com,"Fort Lauderdale Domestic Violence Law Pros connects Fort Lauderdale, FL homeowners with local domestic violence lawyer professionals. Call (754) 291-8480 to describe the problem and get a price before any work begins.",217,Dan Poore,danpoore99@gmail.com,
jacksonvillewrongfuldeathlawyerpros.com,LEGAL - FROZEN,Jacksonville Wrongful Death Law Pros,(904) 663-0155,1233 N Main St,STE 180,Jacksonville,FL,32205,Wrongful Death Lawyer,https://jacksonvillewrongfuldeathlawyerpros.com,"Jacksonville Wrongful Death Law Pros connects Jacksonville, FL homeowners with local wrongful death lawyer professionals. Call (904) 663-0155 to describe the problem and get a price before any work begins.",205,Dan Poore,danpoore99@gmail.com,
orlandoduilawyerpros.com,LEGAL - FROZEN,Orlando DUI Law Pros,(321) 463-9784,1695 International Dr,STE 180,Orlando,FL,32805,DUI Lawyer,https://orlandoduilawyerpros.com,"Orlando DUI Law Pros connects Orlando, FL homeowners with local dui lawyer professionals. Call (321) 463-9784 to describe the problem and get a price before any work begins. We serve Orlando and the surrounding Orange County area.",230,Dan Poore,danpoore99@gmail.com,
tampacriminaldefenselawyerpros.com,LEGAL - FROZEN,Tampa Criminal Defense Law Pros,(813) 588-6602,4215 W Westshore Blvd,STE 240,Tampa,FL,33604,Criminal Defense Lawyer,https://tampacriminaldefenselawyerpros.com,"Tampa Criminal Defense Law Pros connects Tampa, FL homeowners with local criminal defense lawyer professionals. Call (813) 588-6602 to describe the problem and get a price before any work begins. We serve Tampa and the surrounding Hillsborough County area.",256,Dan Poore,danpoore99@gmail.com,
tampafamilylawattorneypros.com,LEGAL - FROZEN,Tampa Family Law Law Pros,(813) 845-8721,1455 W Westshore Blvd,STE 240,Tampa,FL,33604,Family Law Attorney,https://tampafamilylawattorneypros.com,"Tampa Family Law Law Pros connects Tampa, FL homeowners with local family law attorney professionals. Call (813) 845-8721 to describe the problem and get a price before any work begins. We serve Tampa and the surrounding Hillsborough County area.",246,Dan Poore,danpoore99@gmail.com,
atlantadogbitelawyerpros.com,LEGAL - FROZEN,Atlanta Dog Bite Law Pros,(404) 666-7615,3141 N Highland Ave,STE 110,Atlanta,GA,30306,Dog Bite Lawyer,https://atlantadogbitelawyerpros.com,"Atlanta Dog Bite Law Pros connects Atlanta, GA homeowners with local dog bite lawyer professionals. Call (404) 666-7615 to describe the problem and get a price before any work begins. We serve Atlanta and the surrounding Fulton County area.",240,Dan Poore,danpoore99@gmail.com,
louisvillecaraccidentlawyerpros.com,LEGAL - FROZEN,Louisville Car Accident Law Pros,(502) 268-4918,1713 S 4th St,STE 150,Louisville,KY,40204,Car Accident Lawyer,https://louisvillecaraccidentlawyerpros.com,"Louisville Car Accident Law Pros connects Louisville, KY homeowners with local car accident lawyer professionals. Call (502) 268-4918 to describe the problem and get a price before any work begins. We serve Louisville and the surrounding Jefferson County area.",260,Dan Poore,danpoore99@gmail.com,
neworleansmotorcycleaccidentlawyerpros.com,LEGAL - FROZEN,New Orleans Motorcycle Accident Law Pros,(504) 520-4493,2109 Canal St,STE 110,New Orleans,LA,70114,Motorcycle Accident Lawyer,https://neworleansmotorcycleaccidentlawyerpros.com,"New Orleans Motorcycle Accident Law Pros connects New Orleans, LA homeowners with local motorcycle accident lawyer professionals. Call (504) 520-4493 to describe the problem and get a price before any work begins.",213,Dan Poore,danpoore99@gmail.com,
concordcaraccidentlawyerpros.com,LEGAL - FROZEN,Concord Car Accident Law Pros,(704) 951-1636,4205 Union St S,STE 310,Concord,NC,28027,Car Accident Lawyer,https://concordcaraccidentlawyerpros.com,"Concord Car Accident Law Pros connects Concord, NC homeowners with local car accident lawyer professionals. Call (704) 951-1636 to describe the problem and get a price before any work begins. We serve Concord and the surrounding Cabarrus County area.",250,Dan Poore,danpoore99@gmail.com,
concordpersonalinjurylawyer.com,LEGAL - FROZEN,Concord Personal Injury Law Pros,(704) 471-3231,2121 Union St S,STE 300,Concord,NC,28027,Personal Injury Lawyer,https://concordpersonalinjurylawyer.com,"Concord Personal Injury Law Pros connects Concord, NC homeowners with local personal injury lawyer professionals. Call (704) 471-3231 to describe the problem and get a price before any work begins. We serve Concord and the surrounding Cabarrus County area.",256,Dan Poore,danpoore99@gmail.com,
lasvegasdogbitelawyerpros.com,LEGAL - FROZEN,Las Vegas Dog Bite Law Pros,(702) 827-7970,4645 S Las Vegas Blvd,STE 100,Las Vegas,NV,89103,Dog Bite Lawyer,https://lasvegasdogbitelawyerpros.com,"Las Vegas Dog Bite Law Pros connects Las Vegas, NV homeowners with local dog bite lawyer professionals. Call (702) 827-7970 to describe the problem and get a price before any work begins. We serve Las Vegas and the surrounding Clark County area.",245,Dan Poore,danpoore99@gmail.com,
newyorkdogbitelawyerpros.com,LEGAL - FROZEN,New York Dog Bite Law Pros,(646) 914-9310,4639 W 125th St,STE 100,New York,NY,10003,Dog Bite Lawyer,https://newyorkdogbitelawyerpros.com,"New York Dog Bite Law Pros connects New York, NY homeowners with local dog bite lawyer professionals. Call (646) 914-9310 to describe the problem and get a price before any work begins. We serve New York and the surrounding New York County area.",245,Dan Poore,danpoore99@gmail.com,
cincinnatipersonalinjurylawyerpros.com,LEGAL - FROZEN,Cincinnati Personal Injury Law Pros,(513) 796-9335,2477 Vine St,STE 120,Cincinnati,OH,45204,Personal Injury Lawyer,https://cincinnatipersonalinjurylawyerpros.com,"Cincinnati Personal Injury Law Pros connects Cincinnati, OH homeowners with local personal injury lawyer professionals. Call (513) 796-9335 to describe the problem and get a price before any work begins. We serve Cincinnati and the surrounding Hamilton County area.",265,Dan Poore,danpoore99@gmail.com,
harrisburgcaraccidentlawyerpros.com,LEGAL - FROZEN,Harrisburg Car Accident Law Pros,(717) 500-8218,4221 N 2nd St,STE 310,Harrisburg,PA,17104,Car Accident Lawyer,https://harrisburgcaraccidentlawyerpros.com,"Harrisburg Car Accident Law Pros connects Harrisburg, PA homeowners with local car accident lawyer professionals. Call (717) 500-8218 to describe the problem and get a price before any work begins. We serve Harrisburg and the surrounding Dauphin County area.",258,Dan Poore,danpoore99@gmail.com,
austinwrongfuldeathlawyerpros.com,LEGAL - FROZEN,Austin Wrongful Death Law Pros,(512) 729-9561,1459 S Congress Ave,STE 310,Austin,TX,78703,Wrongful Death Lawyer,https://austinwrongfuldeathlawyerpros.com,"Austin Wrongful Death Law Pros connects Austin, TX homeowners with local wrongful death lawyer professionals. Call (512) 729-9561 to describe the problem and get a price before any work begins. We serve Austin and the surrounding Travis County area.",249,Dan Poore,danpoore99@gmail.com,
dallaswrongfuldeathlawyerpros.com,LEGAL - FROZEN,Dallas Wrongful Death Law Pros,(214) 617-0560,3507 Ross Ave,STE 240,Dallas,TX,75203,Wrongful Death Lawyer,https://dallaswrongfuldeathlawyerpros.com,"Dallas Wrongful Death Law Pros connects Dallas, TX homeowners with local wrongful death lawyer professionals. Call (214) 617-0560 to describe the problem and get a price before any work begins. We serve Dallas and the surrounding Dallas County area.",249,Dan Poore,danpoore99@gmail.com,
houstonmotorcycleaccidentlawyerpros.com,LEGAL - FROZEN,Houston Motorcycle Accident Law Pros,(713) 715-4760,3485 Main St,STE 110,Houston,TX,77004,Motorcycle Accident Lawyer,https://houstonmotorcycleaccidentlawyerpros.com,"Houston Motorcycle Accident Law Pros connects Houston, TX homeowners with local motorcycle accident lawyer professionals. Call (713) 715-4760 to describe the problem and get a price before any work begins.",205,Dan Poore,danpoore99@gmail.com,
virginiabeachcaraccidentlawyerpros.com,LEGAL - FROZEN,Virginia Beach Car Accident Law Pros,(757) 526-8901,5109 Atlantic Ave,STE 300,Virginia Beach,VA,23454,Car Accident Lawyer,https://virginiabeachcaraccidentlawyerpros.com,"Virginia Beach Car Accident Law Pros connects Virginia Beach, VA homeowners with local car accident lawyer professionals. Call (757) 526-8901 to describe the problem and get a price before any work begins.",205,Dan Poore,danpoore99@gmail.com,
virginiabeachpersonalinjurylawyerpros.com,LEGAL - FROZEN,Virginia Beach Personal Injury Law Pros,(757) 684-8383,1209 Atlantic Ave,STE 300,Virginia Beach,VA,23454,Personal Injury Lawyer,https://virginiabeachpersonalinjurylawyerpros.com,"Virginia Beach Personal Injury Law Pros connects Virginia Beach, VA homeowners with local personal injury lawyer professionals. Call (757) 684-8383 to describe the problem and get a price before any work begins.",211,Dan Poore,danpoore99@gmail.com,
