our_site,city,state,vertical,link_target,domain_rating,competitors_using_it,found_on_competitor,looks_local
arvadaemergencyplumber.com,Arvada,CO,home,livejournal.com,90.0,7,rotorooter.com,yes
arvadaemergencyplumber.com,Arvada,CO,home,rochester.edu,89.0,1,blueskyplumbing.com,yes
arvadaemergencyplumber.com,Arvada,CO,home,iicrc.org,83.0,1,rotorooter.com,yes
arvadaemergencyplumber.com,Arvada,CO,home,ielts.org,83.0,1,masterdrains.com,yes
arvadaemergencyplumber.com,Arvada,CO,home,dbpedia.org,79.0,2,rotorooter.com,yes
arvadaemergencyplumber.com,Arvada,CO,home,worldmetrics.org,78.0,10,rotorooter.com,yes
arvadaemergencyplumber.com,Arvada,CO,home,multihousingnews.com,77.0,1,blueskyplumbing.com,yes
arvadaemergencyplumber.com,Arvada,CO,home,botanicgardens.org,75.0,1,blueskyplumbing.com,yes
arvadaemergencyplumber.com,Arvada,CO,home,hubspot.com,93.0,4,rotorooter.com,no
arvadaemergencyplumber.com,Arvada,CO,home,oracle.com,93.0,2,rotorooter.com,no
arvadaemergencyplumber.com,Arvada,CO,home,cnbc.com,92.0,6,rotorooter.com,no
arvadaemergencyplumber.com,Arvada,CO,home,chroniclejournal.com,72.0,12,rotorooter.com,yes
atlantadogbitelawyerpros.com,Atlanta,GA,legal,autosafety.org,62.0,1,tobininjurylaw.com,yes
atlantadogbitelawyerpros.com,Atlanta,GA,legal,gtla.org,51.0,1,thegeorgiadogbitelawyer.com,yes
atlantadogbitelawyerpros.com,Atlanta,GA,legal,lawfirmessentials.com,70.0,1,thegeorgiadogbitelawyer.com,no
atlantadogbitelawyerpros.com,Atlanta,GA,legal,triallawyerscollege.org,48.0,1,lawzagoria.com,yes
atlantadogbitelawyerpros.com,Atlanta,GA,legal,sitesnewses.com,33.0,3,tobininjurylaw.com,yes
atlantadogbitelawyerpros.com,Atlanta,GA,legal,greaterperimeterchamber.com,33.0,1,lawzagoria.com,yes
atlantadogbitelawyerpros.com,Atlanta,GA,legal,partnerbase.com,44.0,5,tobininjurylaw.com,no
atlantadogbitelawyerpros.com,Atlanta,GA,legal,wfirm.com,44.0,1,tobininjurylaw.com,no
atlantadogbitelawyerpros.com,Atlanta,GA,legal,jewkesfirm.com,33.0,1,tobininjurylaw.com,no
atlantadogbitelawyerpros.com,Atlanta,GA,legal,kiuly.com,32.0,12,tobininjurylaw.com,no
arlingtonbathroomremodelingpros.com,Arlington,TX,home,mit.edu,92.0,2,fivestarbathsolutions.com,yes
arlingtonbathroomremodelingpros.com,Arlington,TX,home,prlog.org,83.0,7,fivestarbathsolutions.com,yes
arlingtonbathroomremodelingpros.com,Arlington,TX,home,timesunion.com,83.0,2,fivestarbathsolutions.com,yes
arlingtonbathroomremodelingpros.com,Arlington,TX,home,calgaryherald.com,81.0,1,fivestarbathsolutions.com,yes
arlingtonbathroomremodelingpros.com,Arlington,TX,home,citylifestyle.com,80.0,5,fivestarbathsolutions.com,yes
arlingtonbathroomremodelingpros.com,Arlington,TX,home,edmontonjournal.com,78.0,1,fivestarbathsolutions.com,yes
arlingtonbathroomremodelingpros.com,Arlington,TX,home,iapmo.org,77.0,2,fivestarbathsolutions.com,yes
arlingtonbathroomremodelingpros.com,Arlington,TX,home,10times.com,77.0,8,fivestarbathsolutions.com,yes
arlingtonbathroomremodelingpros.com,Arlington,TX,home,medium.com,94.0,11,fivestarbathsolutions.com,no
arlingtonbathroomremodelingpros.com,Arlington,TX,home,merlot.org,74.0,2,fivestarbathsolutions.com,yes
arlingtonbathroomremodelingpros.com,Arlington,TX,home,realtytimes.com,74.0,8,fivestarbathsolutions.com,yes
arlingtonbathroomremodelingpros.com,Arlington,TX,home,emagazines.com,74.0,1,fivestarbathsolutions.com,yes
appliancerepairtampaco.com,Tampa,FL,home,movabletype.org,77.0,1,dichristopherappliance.com,yes
appliancerepairtampaco.com,Tampa,FL,home,nari.org,77.0,3,dichristopherappliance.com,yes
appliancerepairtampaco.com,Tampa,FL,home,rrca.org,72.0,1,dichristopherappliance.com,yes
appliancerepairtampaco.com,Tampa,FL,home,wingolog.org,71.0,1,dichristopherappliance.com,yes
appliancerepairtampaco.com,Tampa,FL,home,angi.com,90.0,10,dichristopherappliance.com,no
appliancerepairtampaco.com,Tampa,FL,home,unity3d.com,90.0,1,dichristopherappliance.com,no
appliancerepairtampaco.com,Tampa,FL,home,cern.ch,87.0,1,dichristopherappliance.com,no
appliancerepairtampaco.com,Tampa,FL,home,fsb.org.uk,84.0,1,dichristopherappliance.com,no
appliancerepairtampaco.com,Tampa,FL,home,merchantcircle.com,84.0,9,dichristopherappliance.com,no
appliancerepairtampaco.com,Tampa,FL,home,awakin.org,61.0,1,dichristopherappliance.com,yes
appliancerepairtampaco.com,Tampa,FL,home,sws.org,61.0,1,dichristopherappliance.com,yes
appliancerepairtampaco.com,Tampa,FL,home,myskillsmyfuture.org,60.0,12,dichristopherappliance.com,yes
annarborgaragedoorrepairpros.com,Ann Arbor,MI,home,tracemyip.org,81.0,1,overheaddoor.com,yes
annarborgaragedoorrepairpros.com,Ann Arbor,MI,home,wi-fi.org,80.0,1,overheaddoor.com,yes
annarborgaragedoorrepairpros.com,Ann Arbor,MI,home,bangordailynews.com,80.0,2,overheaddoor.com,yes
annarborgaragedoorrepairpros.com,Ann Arbor,MI,home,architectmagazine.com,80.0,1,overheaddoor.com,yes
annarborgaragedoorrepairpros.com,Ann Arbor,MI,home,worldmetrics.org,78.0,10,overheaddoor.com,yes
annarborgaragedoorrepairpros.com,Ann Arbor,MI,home,eastbaytimes.com,78.0,2,overheaddoor.com,yes
annarborgaragedoorrepairpros.com,Ann Arbor,MI,home,pinterest.com,97.0,11,overheaddoor.com,no
annarborgaragedoorrepairpros.com,Ann Arbor,MI,home,10times.com,77.0,8,overheaddoor.com,yes
annarborgaragedoorrepairpros.com,Ann Arbor,MI,home,duluthnewstribune.com,76.0,1,overheaddoor.com,yes
annarborgaragedoorrepairpros.com,Ann Arbor,MI,home,rfidjournal.com,75.0,1,overheaddoor.com,yes
annarborgaragedoorrepairpros.com,Ann Arbor,MI,home,wmf.org,74.0,1,overheaddoor.com,yes
annarborgaragedoorrepairpros.com,Ann Arbor,MI,home,southbendtribune.com,74.0,2,overheaddoor.com,yes
allenacrepairpros.com,Allen,TX,home,dallasnews.com,87.0,4,bakerbrothersplumbing.com,yes
allenacrepairpros.com,Allen,TX,home,dmoz.org,84.0,10,bakerbrothersplumbing.com,yes
allenacrepairpros.com,Allen,TX,home,duckdns.org,80.0,5,bakerbrothersplumbing.com,yes
allenacrepairpros.com,Allen,TX,home,goo.gl,97.0,7,bakerbrothersplumbing.com,no
allenacrepairpros.com,Allen,TX,home,iapmo.org,77.0,2,bakerbrothersplumbing.com,yes
allenacrepairpros.com,Allen,TX,home,dallasarboretum.org,73.0,1,bakerbrothersplumbing.com,yes
allenacrepairpros.com,Allen,TX,home,gofundme.com,92.0,4,bakerbrothersplumbing.com,no
allenacrepairpros.com,Allen,TX,home,jimdo.com,92.0,6,bakerbrothersplumbing.com,no
allenacrepairpros.com,Allen,TX,home,businesswire.com,92.0,4,airtron.com,no
allenacrepairpros.com,Allen,TX,home,lovable.app,91.0,8,bakerbrothersplumbing.com,no
allenacrepairpros.com,Allen,TX,home,embedgooglemap.net,91.0,8,bakerbrothersplumbing.com,no
allenacrepairpros.com,Allen,TX,home,cityfos.com,71.0,10,bakerbrothersplumbing.com,yes
atlantaemergencyplumberpros.com,Atlanta,GA,home,nbcnews.com,91.0,6,reliableair.com,yes
atlantaemergencyplumberpros.com,Atlanta,GA,home,livejournal.com,90.0,7,rotorooter.com,yes
atlantaemergencyplumberpros.com,Atlanta,GA,home,rice.edu,86.0,3,reliableair.com,yes
atlantaemergencyplumberpros.com,Atlanta,GA,home,iicrc.org,83.0,1,rotorooter.com,yes
atlantaemergencyplumberpros.com,Atlanta,GA,home,citysearch.com,80.0,9,reliableair.com,yes
atlantaemergencyplumberpros.com,Atlanta,GA,home,dbpedia.org,79.0,2,rotorooter.com,yes
atlantaemergencyplumberpros.com,Atlanta,GA,home,achrnews.com,78.0,2,reliableair.com,yes
atlantaemergencyplumberpros.com,Atlanta,GA,home,worldmetrics.org,78.0,10,rotorooter.com,yes
atlantaemergencyplumberpros.com,Atlanta,GA,home,tiktok.com,97.0,1,reliableair.com,no
atlantaemergencyplumberpros.com,Atlanta,GA,home,nari.org,77.0,3,reliableair.com,yes
atlantaemergencyplumberpros.com,Atlanta,GA,home,10times.com,77.0,8,reliableair.com,yes
atlantaemergencyplumberpros.com,Atlanta,GA,home,bit.ly,95.0,10,reliableair.com,no
austinroofinspectionpros.com,Austin,TX,home,austinchamber.com,70.0,1,j-connroofing.com,yes
austinroofinspectionpros.com,Austin,TX,home,citylifestyle.com,80.0,5,hargroveroofing.com,yes
austinroofinspectionpros.com,Austin,TX,home,bmmagazine.co.uk,76.0,3,mightydogroofing.com,yes
austinroofinspectionpros.com,Austin,TX,home,ventsmagazine.com,76.0,10,mightydogroofing.com,yes
austinroofinspectionpros.com,Austin,TX,home,marketbusinessnews.com,76.0,4,mightydogroofing.com,yes
austinroofinspectionpros.com,Austin,TX,home,bit.ly,95.0,10,j-connroofing.com,no
austinroofinspectionpros.com,Austin,TX,home,realtytimes.com,74.0,8,mightydogroofing.com,yes
austinroofinspectionpros.com,Austin,TX,home,googleapis.com,93.0,6,mightydogroofing.com,no
austinroofinspectionpros.com,Austin,TX,home,podbean.com,91.0,4,mightydogroofing.com,no
austinroofinspectionpros.com,Austin,TX,home,timebusinessnews.com,71.0,7,mightydogroofing.com,yes
austinroofinspectionpros.com,Austin,TX,home,c212.net,90.0,12,mightydogroofing.com,no
austinroofinspectionpros.com,Austin,TX,home,angi.com,90.0,10,mightydogroofing.com,no
birminghamtruckaccidentlawyerpros.com,Birmingham,AL,legal,so.com,91.0,2,degarislaw.com,no
birminghamtruckaccidentlawyerpros.com,Birmingham,AL,legal,memberclicks.net,86.0,9,degarislaw.com,no
birminghamtruckaccidentlawyerpros.com,Birmingham,AL,legal,nbtalawyers.org,57.0,3,degarislaw.com,yes
birminghamtruckaccidentlawyerpros.com,Birmingham,AL,legal,bestlawfirms.com,74.0,9,degarislaw.com,no
birminghamtruckaccidentlawyerpros.com,Birmingham,AL,legal,pressnewsroom.com,44.0,1,degarislaw.com,yes
birminghamtruckaccidentlawyerpros.com,Birmingham,AL,legal,ilawyermarketing.com,63.0,5,degarislaw.com,no
birminghamtruckaccidentlawyerpros.com,Birmingham,AL,legal,alabamaadr.org,43.0,1,degarislaw.com,yes
birminghamtruckaccidentlawyerpros.com,Birmingham,AL,legal,lawsuit-information-center.com,61.0,1,degarislaw.com,no
birminghamtruckaccidentlawyerpros.com,Birmingham,AL,legal,kalicube.pro,60.0,4,degarislaw.com,no
birminghamtruckaccidentlawyerpros.com,Birmingham,AL,legal,claimdepot.com,56.0,2,degarislaw.com,no
birminghamtruckaccidentlawyerpros.com,Birmingham,AL,legal,sitesnewses.com,33.0,3,hollis-wright.com,yes
birminghamtruckaccidentlawyerpros.com,Birmingham,AL,legal,websitesnewses.com,32.0,12,hollis-wright.com,yes
bellevuebathroomremodeling.com,Bellevue,NE,home,statefair.org,54.0,1,bpbathrooms.com,yes
bellevuebathroomremodeling.com,Bellevue,NE,home,bitcoinmix.biz,50.0,4,omahabathremodel.com,no
bellevuebathroomremodeling.com,Bellevue,NE,home,catsboard.com,45.0,1,bpbathrooms.com,no
bellevuebathroomremodeling.com,Bellevue,NE,home,businessesup.com,36.0,4,bpbathrooms.com,no
bellevuebathroomremodeling.com,Bellevue,NE,home,tyvarian.com,35.0,1,bpbathrooms.com,no
austinwrongfuldeathlawyerpros.com,Austin,TX,legal,ow.ly,88.0,7,legallee.com,no
austinwrongfuldeathlawyerpros.com,Austin,TX,legal,ucoz.ru,86.0,1,legallee.com,no
austinwrongfuldeathlawyerpros.com,Austin,TX,legal,elespanol.com,86.0,1,legallee.com,no
austinwrongfuldeathlawyerpros.com,Austin,TX,legal,trackandfieldnews.com,63.0,1,legallee.com,yes
austinwrongfuldeathlawyerpros.com,Austin,TX,legal,rollcall.com,81.0,1,legallee.com,no
austinwrongfuldeathlawyerpros.com,Austin,TX,legal,onlinehome.us,81.0,4,legallee.com,no
austinwrongfuldeathlawyerpros.com,Austin,TX,legal,texasbar.com,79.0,11,howrybreen.com,no
austinwrongfuldeathlawyerpros.com,Austin,TX,legal,finduslawyers.org,58.0,9,legallee.com,yes
austinwrongfuldeathlawyerpros.com,Austin,TX,legal,lancasteronline.com,77.0,1,legallee.com,no
austinwrongfuldeathlawyerpros.com,Austin,TX,legal,ub.ac.id,76.0,1,legallee.com,no
austinwrongfuldeathlawyerpros.com,Austin,TX,legal,appbrain.com,75.0,7,legallee.com,no
austinwrongfuldeathlawyerpros.com,Austin,TX,legal,retail-insider.com,74.0,1,legallee.com,no
bocaratongaragedoorrepairpros.com,Boca Raton,FL,home,bocaratonchamber.com,53.0,1,flgaragedoor.com,yes
bocaratongaragedoorrepairpros.com,Boca Raton,FL,home,10news.com,77.0,4,flgaragedoor.com,yes
bocaratongaragedoorrepairpros.com,Boca Raton,FL,home,gitbook.io,91.0,1,flgaragedoor.com,no
bocaratongaragedoorrepairpros.com,Boca Raton,FL,home,sa.com,90.0,9,broten.com,no
bocaratongaragedoorrepairpros.com,Boca Raton,FL,home,tampamagazines.com,64.0,4,broten.com,yes
bocaratongaragedoorrepairpros.com,Boca Raton,FL,home,liftmaster.com,81.0,6,flgaragedoor.com,no
bocaratongaragedoorrepairpros.com,Boca Raton,FL,home,palmbeachpost.com,81.0,8,flgaragedoor.com,no
bocaratongaragedoorrepairpros.com,Boca Raton,FL,home,appadvice.com,79.0,6,mrfixitdoors.com,no
bocaratongaragedoorrepairpros.com,Boca Raton,FL,home,wptv.com,78.0,5,flgaragedoor.com,no
bocaratongaragedoorrepairpros.com,Boca Raton,FL,home,citylocal101.com,58.0,5,mrfixitdoors.com,yes
bocaratongaragedoorrepairpros.com,Boca Raton,FL,home,century21.com,77.0,3,flgaragedoor.com,no
bocaratongaragedoorrepairpros.com,Boca Raton,FL,home,chiohd.com,77.0,9,flgaragedoor.com,no
charlotteguttercleaningpros.com,Charlotte,NC,home,patch.com,90.0,4,nedstevens.com,yes
charlotteguttercleaningpros.com,Charlotte,NC,home,linux.org,84.0,1,nedstevens.com,yes
charlotteguttercleaningpros.com,Charlotte,NC,home,dmoz.org,84.0,10,nedstevens.com,yes
charlotteguttercleaningpros.com,Charlotte,NC,home,goo.gl,97.0,7,nedstevens.com,no
charlotteguttercleaningpros.com,Charlotte,NC,home,pinterest.com,97.0,11,nedstevens.com,no
charlotteguttercleaningpros.com,Charlotte,NC,home,insurancenewsnet.com,77.0,10,nedstevens.com,yes
charlotteguttercleaningpros.com,Charlotte,NC,home,bit.ly,95.0,10,nedstevens.com,no
charlotteguttercleaningpros.com,Charlotte,NC,home,tumblr.com,94.0,1,nedstevens.com,no
charlotteguttercleaningpros.com,Charlotte,NC,home,blogger.com,94.0,8,nedstevens.com,no
charlotteguttercleaningpros.com,Charlotte,NC,home,merlot.org,74.0,2,nedstevens.com,yes
charlotteguttercleaningpros.com,Charlotte,NC,home,tghn.org,74.0,1,nedstevens.com,yes
charlotteguttercleaningpros.com,Charlotte,NC,home,googleapis.com,93.0,6,nedstevens.com,no
coloradospringsemergencyplumber.com,Colorado Springs,CO,home,livejournal.com,90.0,7,rotorooter.com,yes
coloradospringsemergencyplumber.com,Colorado Springs,CO,home,iicrc.org,83.0,1,rotorooter.com,yes
coloradospringsemergencyplumber.com,Colorado Springs,CO,home,dbpedia.org,79.0,2,rotorooter.com,yes
coloradospringsemergencyplumber.com,Colorado Springs,CO,home,gazette.com,79.0,3,itsjustplumbsmart.com,yes
coloradospringsemergencyplumber.com,Colorado Springs,CO,home,worldmetrics.org,78.0,10,rotorooter.com,yes
coloradospringsemergencyplumber.com,Colorado Springs,CO,home,pinterest.com,97.0,11,itsjustplumbsmart.com,no
coloradospringsemergencyplumber.com,Colorado Springs,CO,home,ventsmagazine.com,76.0,10,itsjustplumbsmart.com,yes
coloradospringsemergencyplumber.com,Colorado Springs,CO,home,hubspot.com,93.0,4,rotorooter.com,no
coloradospringsemergencyplumber.com,Colorado Springs,CO,home,oracle.com,93.0,2,rotorooter.com,no
coloradospringsemergencyplumber.com,Colorado Springs,CO,home,cnbc.com,92.0,6,rotorooter.com,no
coloradospringsemergencyplumber.com,Colorado Springs,CO,home,chroniclejournal.com,72.0,12,rotorooter.com,yes
coloradospringsemergencyplumber.com,Colorado Springs,CO,home,marinmagazine.com,72.0,1,rotorooter.com,yes
carrolltongaragedoorrepairexperts.com,Carrollton,TX,home,newschannelnebraska.com,76.0,8,supremegaragedoortx.com,yes
carrolltongaragedoorrepairexperts.com,Carrollton,TX,home,heylink.me,92.0,10,fastfixgaragedoor.com,no
carrolltongaragedoorrepairexperts.com,Carrollton,TX,home,over-blog.com,88.0,4,supremegaragedoortx.com,no
carrolltongaragedoorrepairexperts.com,Carrollton,TX,home,canvasrebel.com,88.0,2,supremegaragedoortx.com,no
carrolltongaragedoorrepairexperts.com,Carrollton,TX,home,lnk.bio,83.0,10,fastfixgaragedoor.com,no
carrolltongaragedoorrepairexperts.com,Carrollton,TX,home,magic.ly,81.0,4,fastfixgaragedoor.com,no
carrolltongaragedoorrepairexperts.com,Carrollton,TX,home,connectively.us,80.0,7,supremegaragedoortx.com,no
carrolltongaragedoorrepairexperts.com,Carrollton,TX,home,plurk.com,80.0,4,fastfixgaragedoor.com,no
carrolltongaragedoorrepairexperts.com,Carrollton,TX,home,batchgeo.com,80.0,3,fastfixgaragedoor.com,no
carrolltongaragedoorrepairexperts.com,Carrollton,TX,home,kingnewswire.com,59.0,1,supremegaragedoortx.com,yes
carrolltongaragedoorrepairexperts.com,Carrollton,TX,home,accio.com,76.0,11,supremegaragedoortx.com,no
carrolltongaragedoorrepairexperts.com,Carrollton,TX,home,lawnstarter.com,75.0,3,supremegaragedoortx.com,no
cincinnatipersonalinjurylawyerpros.com,Cincinnati,OH,legal,globenewswire.com,92.0,11,attorneys.superlawyers.com,yes
cincinnatipersonalinjurylawyerpros.com,Cincinnati,OH,legal,jhu.edu,91.0,1,attorneys.superlawyers.com,yes
cincinnatipersonalinjurylawyerpros.com,Cincinnati,OH,legal,virginia.gov,91.0,2,attorneys.superlawyers.com,yes
cincinnatipersonalinjurylawyerpros.com,Cincinnati,OH,legal,ct.gov,91.0,1,attorneys.superlawyers.com,yes
cincinnatipersonalinjurylawyerpros.com,Cincinnati,OH,legal,ucdavis.edu,90.0,2,attorneys.superlawyers.com,yes
cincinnatipersonalinjurylawyerpros.com,Cincinnati,OH,legal,chicagotribune.com,90.0,4,attorneys.superlawyers.com,yes
cincinnatipersonalinjurylawyerpros.com,Cincinnati,OH,legal,unicode.org,90.0,1,attorneys.superlawyers.com,yes
cincinnatipersonalinjurylawyerpros.com,Cincinnati,OH,legal,asu.edu,90.0,3,attorneys.superlawyers.com,yes
cincinnatipersonalinjurylawyerpros.com,Cincinnati,OH,legal,georgetown.edu,90.0,3,attorneys.superlawyers.com,yes
cincinnatipersonalinjurylawyerpros.com,Cincinnati,OH,legal,arizona.edu,90.0,2,attorneys.superlawyers.com,yes
cincinnatipersonalinjurylawyerpros.com,Cincinnati,OH,legal,patch.com,90.0,4,attorneys.superlawyers.com,yes
cincinnatipersonalinjurylawyerpros.com,Cincinnati,OH,legal,uga.edu,89.0,2,attorneys.superlawyers.com,yes
coloradospringsfurnacerepair.com,Colorado Springs,CO,home,paylocity.com,90.0,4,thewirenut.com,yes
coloradospringsfurnacerepair.com,Colorado Springs,CO,home,coloradospringschamberedc.com,62.0,1,thewirenut.com,yes
coloradospringsfurnacerepair.com,Colorado Springs,CO,home,dmoz.org,84.0,10,thewirenut.com,yes
coloradospringsfurnacerepair.com,Colorado Springs,CO,home,citysearch.com,80.0,9,thewirenut.com,yes
coloradospringsfurnacerepair.com,Colorado Springs,CO,home,gazette.com,79.0,3,thewirenut.com,yes
coloradospringsfurnacerepair.com,Colorado Springs,CO,home,10times.com,77.0,8,thewirenut.com,yes
coloradospringsfurnacerepair.com,Colorado Springs,CO,home,nemours.org,75.0,1,thewirenut.com,yes
coloradospringsfurnacerepair.com,Colorado Springs,CO,home,biacolorado.org,50.0,1,thewirenut.com,yes
coloradospringsfurnacerepair.com,Colorado Springs,CO,home,fox21news.com,74.0,1,thewirenut.com,yes
coloradospringsfurnacerepair.com,Colorado Springs,CO,home,uk.com,92.0,4,thewirenut.com,no
coloradospringsfurnacerepair.com,Colorado Springs,CO,home,webflow.io,92.0,6,thewirenut.com,no
coloradospringsfurnacerepair.com,Colorado Springs,CO,home,meetup.com,92.0,7,thewirenut.com,no
coloradospringsmoldremediationexperts.com,Colorado Springs,CO,home,globenewswire.com,92.0,11,servpro.com,yes
coloradospringsmoldremediationexperts.com,Colorado Springs,CO,home,redcross.org,91.0,1,servpro.com,yes
coloradospringsmoldremediationexperts.com,Colorado Springs,CO,home,wikidata.org,90.0,4,servpro.com,yes
coloradospringsmoldremediationexperts.com,Colorado Springs,CO,home,vermont.gov,88.0,1,servpro.com,yes
coloradospringsmoldremediationexperts.com,Colorado Springs,CO,home,bangordailynews.com,80.0,2,servpro.com,yes
coloradospringsmoldremediationexperts.com,Colorado Springs,CO,home,providencejournal.com,80.0,3,servpro.com,yes
coloradospringsmoldremediationexperts.com,Colorado Springs,CO,home,naahq.org,78.0,1,servpro.com,yes
coloradospringsmoldremediationexperts.com,Colorado Springs,CO,home,tampa.gov,78.0,3,servpro.com,yes
coloradospringsmoldremediationexperts.com,Colorado Springs,CO,home,worldmetrics.org,78.0,10,servpro.com,yes
coloradospringsmoldremediationexperts.com,Colorado Springs,CO,home,caionline.org,78.0,2,servpro.com,yes
coloradospringsmoldremediationexperts.com,Colorado Springs,CO,home,bit.ly,95.0,10,servpro.com,no
coloradospringsmoldremediationexperts.com,Colorado Springs,CO,home,netlify.app,93.0,12,servpro.com,no
concordcaraccidentlawyerpros.com,Concord,NC,legal,globenewswire.com,92.0,11,attorneys.superlawyers.com,yes
concordcaraccidentlawyerpros.com,Concord,NC,legal,jhu.edu,91.0,1,attorneys.superlawyers.com,yes
concordcaraccidentlawyerpros.com,Concord,NC,legal,virginia.gov,91.0,2,attorneys.superlawyers.com,yes
concordcaraccidentlawyerpros.com,Concord,NC,legal,ct.gov,91.0,1,attorneys.superlawyers.com,yes
concordcaraccidentlawyerpros.com,Concord,NC,legal,newsweek.com,91.0,6,demayolaw.com,yes
concordcaraccidentlawyerpros.com,Concord,NC,legal,ucdavis.edu,90.0,2,attorneys.superlawyers.com,yes
concordcaraccidentlawyerpros.com,Concord,NC,legal,chicagotribune.com,90.0,4,attorneys.superlawyers.com,yes
concordcaraccidentlawyerpros.com,Concord,NC,legal,unicode.org,90.0,1,attorneys.superlawyers.com,yes
concordcaraccidentlawyerpros.com,Concord,NC,legal,asu.edu,90.0,3,attorneys.superlawyers.com,yes
concordcaraccidentlawyerpros.com,Concord,NC,legal,georgetown.edu,90.0,3,attorneys.superlawyers.com,yes
concordcaraccidentlawyerpros.com,Concord,NC,legal,arizona.edu,90.0,2,attorneys.superlawyers.com,yes
concordcaraccidentlawyerpros.com,Concord,NC,legal,patch.com,90.0,4,attorneys.superlawyers.com,yes
dallaswindowreplacementexperts.com,Dallas,TX,home,dallasnews.com,87.0,4,windowworlddfw.com,yes
dallaswindowreplacementexperts.com,Dallas,TX,home,mozilla.org,96.0,1,homedepot.com,yes
dallaswindowreplacementexperts.com,Dallas,TX,home,nytimes.com,94.0,5,homedepot.com,yes
dallaswindowreplacementexperts.com,Dallas,TX,home,ca.gov,94.0,6,homedepot.com,yes
dallaswindowreplacementexperts.com,Dallas,TX,home,mit.edu,92.0,2,homedepot.com,yes
dallaswindowreplacementexperts.com,Dallas,TX,home,stanford.edu,92.0,2,homedepot.com,yes
dallaswindowreplacementexperts.com,Dallas,TX,home,frontiersin.org,92.0,1,homedepot.com,yes
dallaswindowreplacementexperts.com,Dallas,TX,home,cbsnews.com,92.0,5,homedepot.com,yes
dallaswindowreplacementexperts.com,Dallas,TX,home,nbcnews.com,91.0,6,homedepot.com,yes
dallaswindowreplacementexperts.com,Dallas,TX,home,umn.edu,91.0,1,homedepot.com,yes
dallaswindowreplacementexperts.com,Dallas,TX,home,owasp.org,91.0,1,homedepot.com,yes
dallaswindowreplacementexperts.com,Dallas,TX,home,newsweek.com,91.0,6,homedepot.com,yes
concordpersonalinjurylawyer.com,Concord,NC,legal,newsweek.com,91.0,6,demayolaw.com,yes
concordpersonalinjurylawyer.com,Concord,NC,legal,paylocity.com,90.0,4,demayolaw.com,yes
concordpersonalinjurylawyer.com,Concord,NC,legal,careeronestop.org,84.0,2,demayolaw.com,yes
concordpersonalinjurylawyer.com,Concord,NC,legal,buddymagazine.org,81.0,1,demayolaw.com,yes
concordpersonalinjurylawyer.com,Concord,NC,legal,upcity.com,81.0,7,thelitigator.com,yes
concordpersonalinjurylawyer.com,Concord,NC,legal,dmv.org,78.0,4,demayolaw.com,yes
concordpersonalinjurylawyer.com,Concord,NC,legal,naplesnews.com,78.0,3,demayolaw.com,yes
concordpersonalinjurylawyer.com,Concord,NC,legal,boringmagazine.com,77.0,2,demayolaw.com,yes
concordpersonalinjurylawyer.com,Concord,NC,legal,ventsmagazine.com,76.0,10,thelitigator.com,yes
concordpersonalinjurylawyer.com,Concord,NC,legal,affordablecollegesonline.org,75.0,1,demayolaw.com,yes
concordpersonalinjurylawyer.com,Concord,NC,legal,businessnewsthisweek.com,74.0,4,demayolaw.com,yes
concordpersonalinjurylawyer.com,Concord,NC,legal,beforeitsnews.com,74.0,5,demayolaw.com,yes
dallaswrongfuldeathlawyerpros.com,Dallas,TX,legal,dmagazine.com,82.0,3,bushlawgrp.com,yes
dallaswrongfuldeathlawyerpros.com,Dallas,TX,legal,newson6.com,77.0,2,aldouslaw.com,yes
dallaswrongfuldeathlawyerpros.com,Dallas,TX,legal,news9.com,76.0,2,aldouslaw.com,yes
dallaswrongfuldeathlawyerpros.com,Dallas,TX,legal,businessinsider.com,92.0,11,aldouslaw.com,no
dallaswrongfuldeathlawyerpros.com,Dallas,TX,legal,businesswire.com,92.0,4,aldouslaw.com,no
dallaswrongfuldeathlawyerpros.com,Dallas,TX,legal,proofpoint.com,91.0,2,aldouslaw.com,no
dallaswrongfuldeathlawyerpros.com,Dallas,TX,legal,erienewsnow.com,71.0,8,aldouslaw.com,yes
dallaswrongfuldeathlawyerpros.com,Dallas,TX,legal,newschannel10.com,71.0,4,aldouslaw.com,yes
dallaswrongfuldeathlawyerpros.com,Dallas,TX,legal,workable.com,90.0,1,bushlawgrp.com,no
dallaswrongfuldeathlawyerpros.com,Dallas,TX,legal,thestreet.com,87.0,4,aldouslaw.com,no
dallaswrongfuldeathlawyerpros.com,Dallas,TX,legal,texasexes.org,67.0,1,lyons-simmons.com,yes
dallaswrongfuldeathlawyerpros.com,Dallas,TX,legal,nohoartsdistrict.com,64.0,1,bushlawgrp.com,yes
danvillegaragedoorrepairpros.com,Danville,CA,home,latimes.com,92.0,5,precisiondoor.net,yes
danvillegaragedoorrepairpros.com,Danville,CA,home,globenewswire.com,92.0,11,precisiondoor.net,yes
danvillegaragedoorrepairpros.com,Danville,CA,home,psu.edu,91.0,3,precisiondoor.net,yes
danvillegaragedoorrepairpros.com,Danville,CA,home,chicagotribune.com,90.0,4,precisiondoor.net,yes
danvillegaragedoorrepairpros.com,Danville,CA,home,sandiegouniontribune.com,86.0,10,precisiondoor.net,yes
danvillegaragedoorrepairpros.com,Danville,CA,home,prlog.org,83.0,7,precisiondoor.net,yes
danvillegaragedoorrepairpros.com,Danville,CA,home,fldoe.org,81.0,1,precisiondoor.net,yes
danvillegaragedoorrepairpros.com,Danville,CA,home,accessnewswire.com,81.0,5,precisiondoor.net,yes
danvillegaragedoorrepairpros.com,Danville,CA,home,dailyherald.com,81.0,1,precisiondoor.net,yes
danvillegaragedoorrepairpros.com,Danville,CA,home,bgsu.edu,80.0,3,precisiondoor.net,yes
danvillegaragedoorrepairpros.com,Danville,CA,home,miamioh.edu,79.0,1,precisiondoor.net,yes
danvillegaragedoorrepairpros.com,Danville,CA,home,citybiz.co,77.0,6,precisiondoor.net,yes
denverdivorcelawyerpros.com,Denver,CO,legal,globenewswire.com,92.0,11,attorneys.superlawyers.com,yes
denverdivorcelawyerpros.com,Denver,CO,legal,jhu.edu,91.0,1,attorneys.superlawyers.com,yes
denverdivorcelawyerpros.com,Denver,CO,legal,virginia.gov,91.0,2,attorneys.superlawyers.com,yes
denverdivorcelawyerpros.com,Denver,CO,legal,ct.gov,91.0,1,attorneys.superlawyers.com,yes
denverdivorcelawyerpros.com,Denver,CO,legal,ucdavis.edu,90.0,2,attorneys.superlawyers.com,yes
denverdivorcelawyerpros.com,Denver,CO,legal,chicagotribune.com,90.0,4,attorneys.superlawyers.com,yes
denverdivorcelawyerpros.com,Denver,CO,legal,unicode.org,90.0,1,attorneys.superlawyers.com,yes
denverdivorcelawyerpros.com,Denver,CO,legal,asu.edu,90.0,3,attorneys.superlawyers.com,yes
denverdivorcelawyerpros.com,Denver,CO,legal,georgetown.edu,90.0,3,attorneys.superlawyers.com,yes
denverdivorcelawyerpros.com,Denver,CO,legal,arizona.edu,90.0,2,attorneys.superlawyers.com,yes
denverdivorcelawyerpros.com,Denver,CO,legal,patch.com,90.0,4,attorneys.superlawyers.com,yes
denverdivorcelawyerpros.com,Denver,CO,legal,uga.edu,89.0,2,attorneys.superlawyers.com,yes
denverfurnacerepairpros.com,Denver,CO,home,denverpost.com,87.0,6,bellplumbing.com,yes
denverfurnacerepairpros.com,Denver,CO,home,denver7.com,80.0,4,bellplumbing.com,yes
denverfurnacerepairpros.com,Denver,CO,home,citylifestyle.com,80.0,5,bellplumbing.com,yes
denverfurnacerepairpros.com,Denver,CO,home,achrnews.com,78.0,2,bellplumbing.com,yes
denverfurnacerepairpros.com,Denver,CO,home,realtytimes.com,74.0,8,bellplumbing.com,yes
denverfurnacerepairpros.com,Denver,CO,home,abnewswire.com,72.0,7,bellplumbing.com,yes
denverfurnacerepairpros.com,Denver,CO,home,site.com,91.0,3,bellplumbing.com,no
denverfurnacerepairpros.com,Denver,CO,home,diamondcertified.org,70.0,6,bellplumbing.com,yes
denverfurnacerepairpros.com,Denver,CO,home,bloglovin.com,86.0,7,bellplumbing.com,no
denverfurnacerepairpros.com,Denver,CO,home,pinterest.ca,86.0,8,rightawayheating.com,no
denverfurnacerepairpros.com,Denver,CO,home,yardbook.com,79.0,2,brothersplumbing.com,no
denverfurnacerepairpros.com,Denver,CO,home,hunker.com,79.0,6,bellplumbing.com,no
edenprairiegaragedoorrepairpros.com,Eden Prairie,MN,home,utexas.edu,91.0,3,247superiorgaragedoor.com,yes
edenprairiegaragedoorrepairpros.com,Eden Prairie,MN,home,simplypsychology.org,85.0,8,247superiorgaragedoor.com,yes
edenprairiegaragedoorrepairpros.com,Eden Prairie,MN,home,newswire.com,84.0,8,247superiorgaragedoor.com,yes
edenprairiegaragedoorrepairpros.com,Eden Prairie,MN,home,prlog.org,83.0,7,precisiondoormn.com,yes
edenprairiegaragedoorrepairpros.com,Eden Prairie,MN,home,accessnewswire.com,81.0,5,247superiorgaragedoor.com,yes
edenprairiegaragedoorrepairpros.com,Eden Prairie,MN,home,ipsnews.net,78.0,2,247superiorgaragedoor.com,yes
edenprairiegaragedoorrepairpros.com,Eden Prairie,MN,home,ventsmagazine.com,76.0,10,247superiorgaragedoor.com,yes
edenprairiegaragedoorrepairpros.com,Eden Prairie,MN,home,newschannelnebraska.com,76.0,8,247superiorgaragedoor.com,yes
edenprairiegaragedoorrepairpros.com,Eden Prairie,MN,home,bit.ly,95.0,10,247superiorgaragedoor.com,no
edenprairiegaragedoorrepairpros.com,Eden Prairie,MN,home,netlify.app,93.0,12,247superiorgaragedoor.com,no
edenprairiegaragedoorrepairpros.com,Eden Prairie,MN,home,londondaily.news,73.0,2,247superiorgaragedoor.com,yes
edenprairiegaragedoorrepairpros.com,Eden Prairie,MN,home,bringmethenews.com,72.0,1,247superiorgaragedoor.com,yes
fortlauderdaledomesticviolencelawyer.com,Fort Lauderdale,FL,legal,norml.org,77.0,2,browardcriminalteam.com,yes
fortlauderdaledomesticviolencelawyer.com,Fort Lauderdale,FL,legal,wired.com,92.0,1,ansaralaw.com,no
fortlauderdaledomesticviolencelawyer.com,Fort Lauderdale,FL,legal,tripod.com,89.0,9,ansaralaw.com,no
fortlauderdaledomesticviolencelawyer.com,Fort Lauderdale,FL,legal,e-monsite.com,88.0,1,browardcriminalteam.com,no
fortlauderdaledomesticviolencelawyer.com,Fort Lauderdale,FL,legal,exposedmagazine.co.uk,58.0,1,browardcriminalteam.com,yes
fortlauderdaledomesticviolencelawyer.com,Fort Lauderdale,FL,legal,onyamagazine.com,57.0,1,browardcriminalteam.com,yes
fortlauderdaledomesticviolencelawyer.com,Fort Lauderdale,FL,legal,thedubrovniktimes.com,56.0,1,browardcriminalteam.com,yes
fortlauderdaledomesticviolencelawyer.com,Fort Lauderdale,FL,legal,do.am,72.0,1,browardcriminalteam.com,no
fortlauderdaledomesticviolencelawyer.com,Fort Lauderdale,FL,legal,worldfinancialreview.com,70.0,3,browardcriminalteam.com,no
fortlauderdaledomesticviolencelawyer.com,Fort Lauderdale,FL,legal,antiguanewsroom.com,50.0,1,browardcriminalteam.com,yes
fortlauderdaledomesticviolencelawyer.com,Fort Lauderdale,FL,legal,toplegalfirm.org,50.0,5,browardcriminalteam.com,yes
fortlauderdaledomesticviolencelawyer.com,Fort Lauderdale,FL,legal,lookwhatmomfound.com,69.0,10,browardcriminalteam.com,no
fortworthgaragedoorrepairpros.com,Fort Worth,TX,home,dallasnews.com,87.0,4,callwelborngarage.com,yes
fortworthgaragedoorrepairpros.com,Fort Worth,TX,home,tracemyip.org,81.0,1,overheaddoor.com,yes
fortworthgaragedoorrepairpros.com,Fort Worth,TX,home,wi-fi.org,80.0,1,overheaddoor.com,yes
fortworthgaragedoorrepairpros.com,Fort Worth,TX,home,bangordailynews.com,80.0,2,overheaddoor.com,yes
fortworthgaragedoorrepairpros.com,Fort Worth,TX,home,architectmagazine.com,80.0,1,overheaddoor.com,yes
fortworthgaragedoorrepairpros.com,Fort Worth,TX,home,worldmetrics.org,78.0,10,overheaddoor.com,yes
fortworthgaragedoorrepairpros.com,Fort Worth,TX,home,eastbaytimes.com,78.0,2,overheaddoor.com,yes
fortworthgaragedoorrepairpros.com,Fort Worth,TX,home,pinterest.com,97.0,11,overheaddoor.com,no
fortworthgaragedoorrepairpros.com,Fort Worth,TX,home,10times.com,77.0,8,overheaddoor.com,yes
fortworthgaragedoorrepairpros.com,Fort Worth,TX,home,duluthnewstribune.com,76.0,1,overheaddoor.com,yes
fortworthgaragedoorrepairpros.com,Fort Worth,TX,home,rfidjournal.com,75.0,1,overheaddoor.com,yes
fortworthgaragedoorrepairpros.com,Fort Worth,TX,home,portlandtribune.com,75.0,1,callwelborngarage.com,yes
foundationrepairaustinco.com,Austin,TX,home,nachi.org,87.0,2,ramjack.com,yes
foundationrepairaustinco.com,Austin,TX,home,fox7austin.com,76.0,1,welevelit.com,yes
foundationrepairaustinco.com,Austin,TX,home,medium.com,94.0,11,ramjack.com,no
foundationrepairaustinco.com,Austin,TX,home,bloomberg.com,92.0,7,olshanfoundation.com,no
foundationrepairaustinco.com,Austin,TX,home,news-herald.com,72.0,1,ramjack.com,yes
foundationrepairaustinco.com,Austin,TX,home,fool.com,89.0,4,olshanfoundation.com,no
foundationrepairaustinco.com,Austin,TX,home,zippia.com,88.0,7,welevelit.com,no
foundationrepairaustinco.com,Austin,TX,home,theherald.com.au,68.0,5,welevelit.com,yes
foundationrepairaustinco.com,Austin,TX,home,ziprecruiter.com,87.0,10,ramjack.com,no
foundationrepairaustinco.com,Austin,TX,home,webcookies.org,67.0,2,ramjack.com,yes
foundationrepairaustinco.com,Austin,TX,home,payscale.com,86.0,7,olshanfoundation.com,no
foundationrepairaustinco.com,Austin,TX,home,memberclicks.net,86.0,9,ramjack.com,no
fresnowrongfuldeathlawyerpros.com,Fresno,CA,legal,globenewswire.com,92.0,11,attorneys.superlawyers.com,yes
fresnowrongfuldeathlawyerpros.com,Fresno,CA,legal,jhu.edu,91.0,1,attorneys.superlawyers.com,yes
fresnowrongfuldeathlawyerpros.com,Fresno,CA,legal,virginia.gov,91.0,2,attorneys.superlawyers.com,yes
fresnowrongfuldeathlawyerpros.com,Fresno,CA,legal,ct.gov,91.0,1,attorneys.superlawyers.com,yes
fresnowrongfuldeathlawyerpros.com,Fresno,CA,legal,ucdavis.edu,90.0,2,attorneys.superlawyers.com,yes
fresnowrongfuldeathlawyerpros.com,Fresno,CA,legal,chicagotribune.com,90.0,4,attorneys.superlawyers.com,yes
fresnowrongfuldeathlawyerpros.com,Fresno,CA,legal,unicode.org,90.0,1,attorneys.superlawyers.com,yes
fresnowrongfuldeathlawyerpros.com,Fresno,CA,legal,asu.edu,90.0,3,attorneys.superlawyers.com,yes
fresnowrongfuldeathlawyerpros.com,Fresno,CA,legal,georgetown.edu,90.0,3,attorneys.superlawyers.com,yes
fresnowrongfuldeathlawyerpros.com,Fresno,CA,legal,arizona.edu,90.0,2,attorneys.superlawyers.com,yes
fresnowrongfuldeathlawyerpros.com,Fresno,CA,legal,patch.com,90.0,4,attorneys.superlawyers.com,yes
fresnowrongfuldeathlawyerpros.com,Fresno,CA,legal,northwestern.edu,90.0,1,jacobyandmeyers.com,yes
friscogaragedoorrepairexperts.com,Frisco,TX,home,craigslist.org,87.0,3,planooverhead.com,yes
friscogaragedoorrepairexperts.com,Frisco,TX,home,citysearch.com,80.0,9,planooverhead.com,yes
friscogaragedoorrepairexperts.com,Frisco,TX,home,realtytimes.com,74.0,8,planooverhead.com,yes
friscogaragedoorrepairexperts.com,Frisco,TX,home,wpengine.com,93.0,7,planooverhead.com,no
friscogaragedoorrepairexperts.com,Frisco,TX,home,biztimes.com,73.0,1,planooverhead.com,yes
friscogaragedoorrepairexperts.com,Frisco,TX,home,jimdo.com,92.0,6,repairgaragedoors.com,no
friscogaragedoorrepairexperts.com,Frisco,TX,home,embedgooglemap.net,91.0,8,planooverhead.com,no
friscogaragedoorrepairexperts.com,Frisco,TX,home,angi.com,90.0,10,planooverhead.com,no
friscogaragedoorrepairexperts.com,Frisco,TX,home,thrivethemes.com,89.0,1,repairgaragedoors.com,no
friscogaragedoorrepairexperts.com,Frisco,TX,home,gitlab.io,89.0,9,planooverhead.com,no
friscogaragedoorrepairexperts.com,Frisco,TX,home,theherald.com.au,68.0,5,planooverhead.com,yes
friscogaragedoorrepairexperts.com,Frisco,TX,home,ziprecruiter.com,87.0,10,planooverhead.com,no
garlandgaragedoorrepairexperts.com,Garland,TX,home,craigslist.org,87.0,3,planooverhead.com,yes
garlandgaragedoorrepairexperts.com,Garland,TX,home,citysearch.com,80.0,9,planooverhead.com,yes
garlandgaragedoorrepairexperts.com,Garland,TX,home,realtytimes.com,74.0,8,planooverhead.com,yes
garlandgaragedoorrepairexperts.com,Garland,TX,home,wpengine.com,93.0,7,planooverhead.com,no
garlandgaragedoorrepairexperts.com,Garland,TX,home,biztimes.com,73.0,1,planooverhead.com,yes
garlandgaragedoorrepairexperts.com,Garland,TX,home,jimdo.com,92.0,6,repairgaragedoors.com,no
garlandgaragedoorrepairexperts.com,Garland,TX,home,embedgooglemap.net,91.0,8,planooverhead.com,no
garlandgaragedoorrepairexperts.com,Garland,TX,home,angi.com,90.0,10,planooverhead.com,no
garlandgaragedoorrepairexperts.com,Garland,TX,home,sa.com,90.0,9,truesafegaragedoors.com,no
garlandgaragedoorrepairexperts.com,Garland,TX,home,thrivethemes.com,89.0,1,repairgaragedoors.com,no
garlandgaragedoorrepairexperts.com,Garland,TX,home,gitlab.io,89.0,9,planooverhead.com,no
garlandgaragedoorrepairexperts.com,Garland,TX,home,theherald.com.au,68.0,5,planooverhead.com,yes
garagedoorrepairnapervillepros.com,Naperville,IL,home,livejournal.com,90.0,7,precisiongarage-door.com,yes
garagedoorrepairnapervillepros.com,Naperville,IL,home,uillinois.edu,80.0,1,precisiongarage-door.com,yes
garagedoorrepairnapervillepros.com,Naperville,IL,home,uso.org,79.0,1,precisiongarage-door.com,yes
garagedoorrepairnapervillepros.com,Naperville,IL,home,blogger.com,94.0,8,precisiongarage-door.com,no
garagedoorrepairnapervillepros.com,Naperville,IL,home,nationalgeographic.com,91.0,2,precisiongarage-door.com,no
garagedoorrepairnapervillepros.com,Naperville,IL,home,angieslist.com,90.0,6,precisiongarage-door.com,no
garagedoorrepairnapervillepros.com,Naperville,IL,home,spb.ru,88.0,6,precisiongarage-door.com,no
garagedoorrepairnapervillepros.com,Naperville,IL,home,hubpages.com,87.0,4,precisiongarage-door.com,no
garagedoorrepairnapervillepros.com,Naperville,IL,home,naperville.net,56.0,1,precisiongarage-door.com,yes
garagedoorrepairnapervillepros.com,Naperville,IL,home,crocothemes.net,76.0,5,precisiongarage-door.com,no
garagedoorrepairnapervillepros.com,Naperville,IL,home,emojilib.com,74.0,4,precisiongarage-door.com,no
garagedoorrepairnapervillepros.com,Naperville,IL,home,fnst.org,54.0,1,precisiongarage-door.com,yes
harrisburgcaraccidentlawyerpros.com,Harrisburg,PA,legal,globenewswire.com,92.0,11,attorneys.superlawyers.com,yes
harrisburgcaraccidentlawyerpros.com,Harrisburg,PA,legal,jhu.edu,91.0,1,attorneys.superlawyers.com,yes
harrisburgcaraccidentlawyerpros.com,Harrisburg,PA,legal,virginia.gov,91.0,2,attorneys.superlawyers.com,yes
harrisburgcaraccidentlawyerpros.com,Harrisburg,PA,legal,ct.gov,91.0,1,attorneys.superlawyers.com,yes
harrisburgcaraccidentlawyerpros.com,Harrisburg,PA,legal,newsweek.com,91.0,6,waynewright.com,yes
harrisburgcaraccidentlawyerpros.com,Harrisburg,PA,legal,ucdavis.edu,90.0,2,attorneys.superlawyers.com,yes
harrisburgcaraccidentlawyerpros.com,Harrisburg,PA,legal,chicagotribune.com,90.0,4,attorneys.superlawyers.com,yes
harrisburgcaraccidentlawyerpros.com,Harrisburg,PA,legal,unicode.org,90.0,1,attorneys.superlawyers.com,yes
harrisburgcaraccidentlawyerpros.com,Harrisburg,PA,legal,asu.edu,90.0,3,attorneys.superlawyers.com,yes
harrisburgcaraccidentlawyerpros.com,Harrisburg,PA,legal,georgetown.edu,90.0,3,attorneys.superlawyers.com,yes
harrisburgcaraccidentlawyerpros.com,Harrisburg,PA,legal,arizona.edu,90.0,2,attorneys.superlawyers.com,yes
harrisburgcaraccidentlawyerpros.com,Harrisburg,PA,legal,patch.com,90.0,4,attorneys.superlawyers.com,yes
houstonmotorcycleaccidentlawyerpros.com,Houston,TX,legal,creativecommons.org,94.0,3,bencrump.com,yes
houstonmotorcycleaccidentlawyerpros.com,Houston,TX,legal,nytimes.com,94.0,5,bencrump.com,yes
houstonmotorcycleaccidentlawyerpros.com,Houston,TX,legal,wikimedia.org,93.0,2,bencrump.com,yes
houstonmotorcycleaccidentlawyerpros.com,Houston,TX,legal,texas.gov,92.0,1,charlesargento.com,yes
houstonmotorcycleaccidentlawyerpros.com,Houston,TX,legal,npr.org,92.0,2,bencrump.com,yes
houstonmotorcycleaccidentlawyerpros.com,Houston,TX,legal,cbsnews.com,92.0,5,bencrump.com,yes
houstonmotorcycleaccidentlawyerpros.com,Houston,TX,legal,latimes.com,92.0,5,bencrump.com,yes
houstonmotorcycleaccidentlawyerpros.com,Houston,TX,legal,apnews.com,92.0,2,bencrump.com,yes
houstonmotorcycleaccidentlawyerpros.com,Houston,TX,legal,berkeley.edu,92.0,3,bencrump.com,yes
houstonmotorcycleaccidentlawyerpros.com,Houston,TX,legal,nbcnews.com,91.0,6,bencrump.com,yes
houstonmotorcycleaccidentlawyerpros.com,Houston,TX,legal,yale.edu,91.0,1,bencrump.com,yes
houstonmotorcycleaccidentlawyerpros.com,Houston,TX,legal,upenn.edu,91.0,1,bencrump.com,yes
jacksonvilleemergencyplumberpros.com,Jacksonville,FL,home,livejournal.com,90.0,7,rotorooter.com,yes
jacksonvilleemergencyplumberpros.com,Jacksonville,FL,home,jpn.org,85.0,1,delair.com,yes
jacksonvilleemergencyplumberpros.com,Jacksonville,FL,home,iicrc.org,83.0,1,rotorooter.com,yes
jacksonvilleemergencyplumberpros.com,Jacksonville,FL,home,dbpedia.org,79.0,2,rotorooter.com,yes
jacksonvilleemergencyplumberpros.com,Jacksonville,FL,home,worldmetrics.org,78.0,10,rotorooter.com,yes
jacksonvilleemergencyplumberpros.com,Jacksonville,FL,home,hubspot.com,93.0,4,rotorooter.com,no
jacksonvilleemergencyplumberpros.com,Jacksonville,FL,home,oracle.com,93.0,2,rotorooter.com,no
jacksonvilleemergencyplumberpros.com,Jacksonville,FL,home,cnbc.com,92.0,6,rotorooter.com,no
jacksonvilleemergencyplumberpros.com,Jacksonville,FL,home,chroniclejournal.com,72.0,12,rotorooter.com,yes
jacksonvilleemergencyplumberpros.com,Jacksonville,FL,home,marinmagazine.com,72.0,1,rotorooter.com,yes
jacksonvilleemergencyplumberpros.com,Jacksonville,FL,home,indeed.com,92.0,5,delair.com,no
jacksonvilleemergencyplumberpros.com,Jacksonville,FL,home,sakura.ne.jp,92.0,6,delair.com,no
jacksonvillewrongfuldeathlawyerpros.com,Jacksonville,FL,legal,creativecommons.org,94.0,3,bencrump.com,yes
jacksonvillewrongfuldeathlawyerpros.com,Jacksonville,FL,legal,nytimes.com,94.0,5,bencrump.com,yes
jacksonvillewrongfuldeathlawyerpros.com,Jacksonville,FL,legal,wikimedia.org,93.0,2,bencrump.com,yes
jacksonvillewrongfuldeathlawyerpros.com,Jacksonville,FL,legal,npr.org,92.0,2,bencrump.com,yes
jacksonvillewrongfuldeathlawyerpros.com,Jacksonville,FL,legal,cbsnews.com,92.0,5,bencrump.com,yes
jacksonvillewrongfuldeathlawyerpros.com,Jacksonville,FL,legal,latimes.com,92.0,5,bencrump.com,yes
jacksonvillewrongfuldeathlawyerpros.com,Jacksonville,FL,legal,apnews.com,92.0,2,bencrump.com,yes
jacksonvillewrongfuldeathlawyerpros.com,Jacksonville,FL,legal,berkeley.edu,92.0,3,bencrump.com,yes
jacksonvillewrongfuldeathlawyerpros.com,Jacksonville,FL,legal,nbcnews.com,91.0,6,bencrump.com,yes
jacksonvillewrongfuldeathlawyerpros.com,Jacksonville,FL,legal,yale.edu,91.0,1,bencrump.com,yes
jacksonvillewrongfuldeathlawyerpros.com,Jacksonville,FL,legal,upenn.edu,91.0,1,bencrump.com,yes
jacksonvillewrongfuldeathlawyerpros.com,Jacksonville,FL,legal,foxnews.com,91.0,5,bencrump.com,yes
jonesboropersonalinjurylawyerpros.com,Jonesboro,AR,legal,socialworkers.org,80.0,1,nstlaw.com,yes
jonesboropersonalinjurylawyerpros.com,Jonesboro,AR,legal,uiw.edu,71.0,1,nstlaw.com,yes
jonesboropersonalinjurylawyerpros.com,Jonesboro,AR,legal,tba.org,70.0,2,nstlaw.com,yes
jonesboropersonalinjurylawyerpros.com,Jonesboro,AR,legal,highline.edu,64.0,1,nstlaw.com,yes
jonesboropersonalinjurylawyerpros.com,Jonesboro,AR,legal,dailydot.com,82.0,6,nstlaw.com,no
jonesboropersonalinjurylawyerpros.com,Jonesboro,AR,legal,myskillsmyfuture.org,60.0,12,nstlaw.com,yes
jonesboropersonalinjurylawyerpros.com,Jonesboro,AR,legal,reply.io,78.0,4,nstlaw.com,no
jonesboropersonalinjurylawyerpros.com,Jonesboro,AR,legal,insure.com,74.0,1,nstlaw.com,no
jonesboropersonalinjurylawyerpros.com,Jonesboro,AR,legal,yingjiesheng.com,73.0,1,nstlaw.com,no
jonesboropersonalinjurylawyerpros.com,Jonesboro,AR,legal,moneyinc.com,72.0,4,nstlaw.com,no
jonesboropersonalinjurylawyerpros.com,Jonesboro,AR,legal,360unite.com,71.0,1,nstlaw.com,no
jonesboropersonalinjurylawyerpros.com,Jonesboro,AR,legal,prweb.net,70.0,7,nstlaw.com,no
kansascityemergencyplumber.com,Kansas City,MO,home,wiktionary.org,91.0,1,kansascitymomcollective.com,yes
kansascityemergencyplumber.com,Kansas City,MO,home,utexas.edu,91.0,3,kansascitymomcollective.com,yes
kansascityemergencyplumber.com,Kansas City,MO,home,livejournal.com,90.0,7,rotorooter.com,yes
kansascityemergencyplumber.com,Kansas City,MO,home,uschamber.com,89.0,1,kansascitymomcollective.com,yes
kansascityemergencyplumber.com,Kansas City,MO,home,inkansascity.com,63.0,1,kansascitymomcollective.com,yes
kansascityemergencyplumber.com,Kansas City,MO,home,usmagazine.com,84.0,1,kansascitymomcollective.com,yes
kansascityemergencyplumber.com,Kansas City,MO,home,iicrc.org,83.0,1,rotorooter.com,yes
kansascityemergencyplumber.com,Kansas City,MO,home,k-state.edu,83.0,1,kansascitymomcollective.com,yes
kansascityemergencyplumber.com,Kansas City,MO,home,dbpedia.org,79.0,2,rotorooter.com,yes
kansascityemergencyplumber.com,Kansas City,MO,home,worldmetrics.org,78.0,10,rotorooter.com,yes
kansascityemergencyplumber.com,Kansas City,MO,home,kcur.org,78.0,1,kansascitymomcollective.com,yes
kansascityemergencyplumber.com,Kansas City,MO,home,apple.com,97.0,4,kansascitymomcollective.com,no
lasvegasdogbitelawyerpros.com,Las Vegas,NV,legal,creativecommons.org,94.0,3,edbernstein.com,yes
lasvegasdogbitelawyerpros.com,Las Vegas,NV,legal,globenewswire.com,92.0,11,edbernstein.com,yes
lasvegasdogbitelawyerpros.com,Las Vegas,NV,legal,livejournal.com,90.0,7,edbernstein.com,yes
lasvegasdogbitelawyerpros.com,Las Vegas,NV,legal,unl.edu,89.0,4,edbernstein.com,yes
lasvegasdogbitelawyerpros.com,Las Vegas,NV,legal,altervista.org,88.0,4,edbernstein.com,yes
lasvegasdogbitelawyerpros.com,Las Vegas,NV,legal,eu.org,86.0,6,edbernstein.com,yes
lasvegasdogbitelawyerpros.com,Las Vegas,NV,legal,dyndns.org,85.0,1,edbernstein.com,yes
lasvegasdogbitelawyerpros.com,Las Vegas,NV,legal,lasvegassun.com,80.0,1,edbernstein.com,yes
lasvegasdogbitelawyerpros.com,Las Vegas,NV,legal,bgsu.edu,80.0,3,edbernstein.com,yes
lasvegasdogbitelawyerpros.com,Las Vegas,NV,legal,vimeo.com,96.0,6,bensonbingham.com,no
lasvegasdogbitelawyerpros.com,Las Vegas,NV,legal,blogger.com,94.0,8,edbernstein.com,no
lasvegasdogbitelawyerpros.com,Las Vegas,NV,legal,startupweekend.org,74.0,1,edbernstein.com,yes
longbeachpersonalinjurylawyerpros.com,Long Beach,CA,legal,creativecommons.org,94.0,3,bencrump.com,yes
longbeachpersonalinjurylawyerpros.com,Long Beach,CA,legal,nytimes.com,94.0,5,bencrump.com,yes
longbeachpersonalinjurylawyerpros.com,Long Beach,CA,legal,wikimedia.org,93.0,2,bencrump.com,yes
longbeachpersonalinjurylawyerpros.com,Long Beach,CA,legal,npr.org,92.0,2,bencrump.com,yes
longbeachpersonalinjurylawyerpros.com,Long Beach,CA,legal,cbsnews.com,92.0,5,bencrump.com,yes
longbeachpersonalinjurylawyerpros.com,Long Beach,CA,legal,latimes.com,92.0,5,bencrump.com,yes
longbeachpersonalinjurylawyerpros.com,Long Beach,CA,legal,apnews.com,92.0,2,bencrump.com,yes
longbeachpersonalinjurylawyerpros.com,Long Beach,CA,legal,berkeley.edu,92.0,3,bencrump.com,yes
longbeachpersonalinjurylawyerpros.com,Long Beach,CA,legal,stanford.edu,92.0,2,belalhamidehlaw.com,yes
longbeachpersonalinjurylawyerpros.com,Long Beach,CA,legal,nbcnews.com,91.0,6,bencrump.com,yes
longbeachpersonalinjurylawyerpros.com,Long Beach,CA,legal,yale.edu,91.0,1,bencrump.com,yes
longbeachpersonalinjurylawyerpros.com,Long Beach,CA,legal,upenn.edu,91.0,1,bencrump.com,yes
losangelesacinstall.com,Los Angeles,CA,home,mozilla.org,96.0,1,homedepot.com,yes
losangelesacinstall.com,Los Angeles,CA,home,nytimes.com,94.0,5,homedepot.com,yes
losangelesacinstall.com,Los Angeles,CA,home,ca.gov,94.0,6,homedepot.com,yes
losangelesacinstall.com,Los Angeles,CA,home,mit.edu,92.0,2,homedepot.com,yes
losangelesacinstall.com,Los Angeles,CA,home,stanford.edu,92.0,2,homedepot.com,yes
losangelesacinstall.com,Los Angeles,CA,home,frontiersin.org,92.0,1,homedepot.com,yes
losangelesacinstall.com,Los Angeles,CA,home,cbsnews.com,92.0,5,homedepot.com,yes
losangelesacinstall.com,Los Angeles,CA,home,latimes.com,92.0,5,nexgenairandplumbing.com,yes
losangelesacinstall.com,Los Angeles,CA,home,nbcnews.com,91.0,6,homedepot.com,yes
losangelesacinstall.com,Los Angeles,CA,home,umn.edu,91.0,1,homedepot.com,yes
losangelesacinstall.com,Los Angeles,CA,home,owasp.org,91.0,1,homedepot.com,yes
losangelesacinstall.com,Los Angeles,CA,home,newsweek.com,91.0,6,homedepot.com,yes
losangelesdogbitelawyerpros.com,Los Angeles,CA,legal,ca.gov,94.0,6,bestattorney.com,yes
losangelesdogbitelawyerpros.com,Los Angeles,CA,legal,harvard.edu,93.0,2,dominguezfirm.com,yes
losangelesdogbitelawyerpros.com,Los Angeles,CA,legal,berkeley.edu,92.0,3,dominguezfirm.com,yes
losangelesdogbitelawyerpros.com,Los Angeles,CA,legal,umich.edu,91.0,3,dominguezfirm.com,yes
losangelesdogbitelawyerpros.com,Los Angeles,CA,legal,psu.edu,91.0,3,dominguezfirm.com,yes
losangelesdogbitelawyerpros.com,Los Angeles,CA,legal,washington.edu,91.0,1,dominguezfirm.com,yes
losangelesdogbitelawyerpros.com,Los Angeles,CA,legal,ucla.edu,91.0,2,dominguezfirm.com,yes
losangelesdogbitelawyerpros.com,Los Angeles,CA,legal,utexas.edu,91.0,3,dominguezfirm.com,yes
losangelesdogbitelawyerpros.com,Los Angeles,CA,legal,osu.edu,90.0,1,dominguezfirm.com,yes
losangelesdogbitelawyerpros.com,Los Angeles,CA,legal,uci.edu,90.0,3,dominguezfirm.com,yes
losangelesdogbitelawyerpros.com,Los Angeles,CA,legal,virginia.edu,89.0,2,dominguezfirm.com,yes
losangelesdogbitelawyerpros.com,Los Angeles,CA,legal,cuny.edu,88.0,2,dominguezfirm.com,yes
louisvillecaraccidentlawyerpros.com,Louisville,KY,legal,louisville.edu,81.0,4,kytrial.com,yes
louisvillecaraccidentlawyerpros.com,Louisville,KY,legal,berkeley.edu,92.0,3,gladsteinlawfirm.com,yes
louisvillecaraccidentlawyerpros.com,Louisville,KY,legal,uci.edu,90.0,3,gladsteinlawfirm.com,yes
louisvillecaraccidentlawyerpros.com,Louisville,KY,legal,uic.edu,86.0,4,gladsteinlawfirm.com,yes
louisvillecaraccidentlawyerpros.com,Louisville,KY,legal,miami.edu,85.0,4,gladsteinlawfirm.com,yes
louisvillecaraccidentlawyerpros.com,Louisville,KY,legal,redmine.org,85.0,2,gladsteinlawfirm.com,yes
louisvillecaraccidentlawyerpros.com,Louisville,KY,legal,newswire.com,84.0,8,gladsteinlawfirm.com,yes
louisvillecaraccidentlawyerpros.com,Louisville,KY,legal,dmoz.org,84.0,10,gladsteinlawfirm.com,yes
louisvillecaraccidentlawyerpros.com,Louisville,KY,legal,einnews.com,84.0,6,kytrial.com,yes
louisvillecaraccidentlawyerpros.com,Louisville,KY,legal,auburn.edu,83.0,1,gladsteinlawfirm.com,yes
louisvillecaraccidentlawyerpros.com,Louisville,KY,legal,accessnewswire.com,81.0,5,gladsteinlawfirm.com,yes
louisvillecaraccidentlawyerpros.com,Louisville,KY,legal,courier-journal.com,81.0,3,gladsteinlawfirm.com,yes
mariettagaragedoorrepairpros.com,Marietta,GA,home,wordpress.org,97.0,2,trustdale.com,yes
mariettagaragedoorrepairpros.com,Marietta,GA,home,globenewswire.com,92.0,11,a1garage.com,yes
mariettagaragedoorrepairpros.com,Marietta,GA,home,cmu.edu,91.0,1,a1garage.com,yes
mariettagaragedoorrepairpros.com,Marietta,GA,home,realtor.com,91.0,2,a1garage.com,yes
mariettagaragedoorrepairpros.com,Marietta,GA,home,paylocity.com,90.0,4,a1garage.com,yes
mariettagaragedoorrepairpros.com,Marietta,GA,home,asu.edu,90.0,3,a1garage.com,yes
mariettagaragedoorrepairpros.com,Marietta,GA,home,ncsu.edu,90.0,1,a1garage.com,yes
mariettagaragedoorrepairpros.com,Marietta,GA,home,iu.edu,89.0,2,a1garage.com,yes
mariettagaragedoorrepairpros.com,Marietta,GA,home,pitt.edu,88.0,1,a1garage.com,yes
mariettagaragedoorrepairpros.com,Marietta,GA,home,vt.edu,88.0,1,a1garage.com,yes
mariettagaragedoorrepairpros.com,Marietta,GA,home,indiana.edu,88.0,4,a1garage.com,yes
mariettagaragedoorrepairpros.com,Marietta,GA,home,wsu.edu,87.0,1,a1garage.com,yes
mckinneygaragedoorrepairpros.com,McKinney,TX,home,mckinneychamber.com,50.0,2,mckinneydoors.com,yes
mckinneygaragedoorrepairpros.com,McKinney,TX,home,heylink.me,92.0,10,fastfixgaragedoor.com,no
mckinneygaragedoorrepairpros.com,McKinney,TX,home,lnk.bio,83.0,10,fastfixgaragedoor.com,no
mckinneygaragedoorrepairpros.com,McKinney,TX,home,magic.ly,81.0,4,fastfixgaragedoor.com,no
mckinneygaragedoorrepairpros.com,McKinney,TX,home,plurk.com,80.0,4,fastfixgaragedoor.com,no
mckinneygaragedoorrepairpros.com,McKinney,TX,home,batchgeo.com,80.0,3,fastfixgaragedoor.com,no
mckinneygaragedoorrepairpros.com,McKinney,TX,home,voyagedallas.com,79.0,3,garagedoorsmckinneytexas.com,no
mckinneygaragedoorrepairpros.com,McKinney,TX,home,list.ly,75.0,6,fastfixgaragedoor.com,no
mckinneygaragedoorrepairpros.com,McKinney,TX,home,robot-forum.com,59.0,1,fastfixgaragedoor.com,no
mckinneygaragedoorrepairpros.com,McKinney,TX,home,bpublic.com,57.0,8,fastfixgaragedoor.com,no
mckinneygaragedoorrepairpros.com,McKinney,TX,home,whirlocal.io,57.0,1,mckinneydoors.com,no
mckinneygaragedoorrepairpros.com,McKinney,TX,home,hellobox.co,55.0,1,fastfixgaragedoor.com,no
mesquiteacrepairpros.com,Mesquite,TX,home,dallasnews.com,87.0,4,bakerbrothersplumbing.com,yes
mesquiteacrepairpros.com,Mesquite,TX,home,dmoz.org,84.0,10,bakerbrothersplumbing.com,yes
mesquiteacrepairpros.com,Mesquite,TX,home,duckdns.org,80.0,5,bakerbrothersplumbing.com,yes
mesquiteacrepairpros.com,Mesquite,TX,home,goo.gl,97.0,7,bakerbrothersplumbing.com,no
mesquiteacrepairpros.com,Mesquite,TX,home,iapmo.org,77.0,2,bakerbrothersplumbing.com,yes
mesquiteacrepairpros.com,Mesquite,TX,home,dallasarboretum.org,73.0,1,bakerbrothersplumbing.com,yes
mesquiteacrepairpros.com,Mesquite,TX,home,businesswire.com,92.0,4,airtron.com,no
mesquiteacrepairpros.com,Mesquite,TX,home,gofundme.com,92.0,4,bakerbrothersplumbing.com,no
mesquiteacrepairpros.com,Mesquite,TX,home,jimdo.com,92.0,6,bakerbrothersplumbing.com,no
mesquiteacrepairpros.com,Mesquite,TX,home,feedburner.com,91.0,5,mesquiteheatingandair.com,no
mesquiteacrepairpros.com,Mesquite,TX,home,fortune.com,91.0,5,airtron.com,no
mesquiteacrepairpros.com,Mesquite,TX,home,lovable.app,91.0,8,airtron.com,no
modestocaraccidentlawyerpros.com,Modesto,CA,legal,jalopnik.com,81.0,7,yourpersonalinjuryfirm.com,no
modestocaraccidentlawyerpros.com,Modesto,CA,legal,phillystudentunion.org,52.0,1,yourpersonalinjuryfirm.com,yes
modestocaraccidentlawyerpros.com,Modesto,CA,legal,timenews.co.kr,40.0,1,yourpersonalinjuryfirm.com,yes
modestocaraccidentlawyerpros.com,Modesto,CA,legal,videofutur.fr,53.0,12,yourpersonalinjuryfirm.com,no
modestocaraccidentlawyerpros.com,Modesto,CA,legal,sacramentotop10.com,53.0,3,rancanolaw.com,no
modestocaraccidentlawyerpros.com,Modesto,CA,legal,pr-rooms.com,47.0,5,rancanolaw.com,no
modestocaraccidentlawyerpros.com,Modesto,CA,legal,besthostingprice.com,45.0,10,yourpersonalinjuryfirm.com,no
modestocaraccidentlawyerpros.com,Modesto,CA,legal,kenyanz.com,44.0,8,yourpersonalinjuryfirm.com,no
modestocaraccidentlawyerpros.com,Modesto,CA,legal,legaldocs.com,41.0,1,rancanolaw.com,no
modestocaraccidentlawyerpros.com,Modesto,CA,legal,attorneypages.com,40.0,4,rancanolaw.com,no
modestocaraccidentlawyerpros.com,Modesto,CA,legal,spywareterminator.com,40.0,1,rancanolaw.com,no
modestocaraccidentlawyerpros.com,Modesto,CA,legal,bombstat.com,37.0,12,rancanolaw.com,no
modestoacrepairpros.com,Modesto,CA,home,upcity.com,81.0,7,honeysair.com,yes
modestoacrepairpros.com,Modesto,CA,home,newschannelnebraska.com,76.0,8,honeysair.com,yes
modestoacrepairpros.com,Modesto,CA,home,realtytimes.com,74.0,8,honeysair.com,yes
modestoacrepairpros.com,Modesto,CA,home,chroniclejournal.com,72.0,12,honeysair.com,yes
modestoacrepairpros.com,Modesto,CA,home,diamondcertified.org,70.0,6,lovesair.com,yes
modestoacrepairpros.com,Modesto,CA,home,angi.com,90.0,10,honeysair.com,no
modestoacrepairpros.com,Modesto,CA,home,lifehacker.com,89.0,3,honeysair.com,no
modestoacrepairpros.com,Modesto,CA,home,newsblaze.com,66.0,12,honeysair.com,yes
modestoacrepairpros.com,Modesto,CA,home,consumeraffairs.com,84.0,4,honeysair.com,no
modestoacrepairpros.com,Modesto,CA,home,myskillsmyfuture.org,60.0,12,tonysplumbing.com,yes
modestoacrepairpros.com,Modesto,CA,home,rheem.com,80.0,7,honeysair.com,no
modestoacrepairpros.com,Modesto,CA,home,lennox.com,79.0,5,honeysair.com,no
modestopersonalinjurylawyerpros.com,Modesto,CA,legal,sitejabber.com,82.0,11,berginjurylawyers.com,no
modestopersonalinjurylawyerpros.com,Modesto,CA,legal,caoc.org,62.0,6,berginjurylawyers.com,yes
modestopersonalinjurylawyerpros.com,Modesto,CA,legal,jalopnik.com,81.0,7,yourpersonalinjuryfirm.com,no
modestopersonalinjurylawyerpros.com,Modesto,CA,legal,phillystudentunion.org,52.0,1,yourpersonalinjuryfirm.com,yes
modestopersonalinjurylawyerpros.com,Modesto,CA,legal,timenews.co.kr,40.0,1,yourpersonalinjuryfirm.com,yes
modestopersonalinjurylawyerpros.com,Modesto,CA,legal,kissfm.ro,56.0,8,berginjurylawyers.com,no
modestopersonalinjurylawyerpros.com,Modesto,CA,legal,videofutur.fr,53.0,12,yourpersonalinjuryfirm.com,no
modestopersonalinjurylawyerpros.com,Modesto,CA,legal,attorney4mesothelioma.com,52.0,6,berginjurylawyers.com,no
modestopersonalinjurylawyerpros.com,Modesto,CA,legal,crawler.com,47.0,2,berginjurylawyers.com,no
modestopersonalinjurylawyerpros.com,Modesto,CA,legal,getlegal.com,47.0,3,berginjurylawyers.com,no
modestopersonalinjurylawyerpros.com,Modesto,CA,legal,besthostingprice.com,45.0,10,yourpersonalinjuryfirm.com,no
modestopersonalinjurylawyerpros.com,Modesto,CA,legal,yeow.ai,44.0,10,berginjurylawyers.com,no
neworleansmotorcycleaccidentlawyerpros.com,New Orleans,LA,legal,creativecommons.org,94.0,3,bencrump.com,yes
neworleansmotorcycleaccidentlawyerpros.com,New Orleans,LA,legal,nytimes.com,94.0,5,bencrump.com,yes
neworleansmotorcycleaccidentlawyerpros.com,New Orleans,LA,legal,wikimedia.org,93.0,2,bencrump.com,yes
neworleansmotorcycleaccidentlawyerpros.com,New Orleans,LA,legal,npr.org,92.0,2,bencrump.com,yes
neworleansmotorcycleaccidentlawyerpros.com,New Orleans,LA,legal,cbsnews.com,92.0,5,bencrump.com,yes
neworleansmotorcycleaccidentlawyerpros.com,New Orleans,LA,legal,latimes.com,92.0,5,bencrump.com,yes
neworleansmotorcycleaccidentlawyerpros.com,New Orleans,LA,legal,apnews.com,92.0,2,bencrump.com,yes
neworleansmotorcycleaccidentlawyerpros.com,New Orleans,LA,legal,berkeley.edu,92.0,3,bencrump.com,yes
neworleansmotorcycleaccidentlawyerpros.com,New Orleans,LA,legal,nbcnews.com,91.0,6,bencrump.com,yes
neworleansmotorcycleaccidentlawyerpros.com,New Orleans,LA,legal,yale.edu,91.0,1,bencrump.com,yes
neworleansmotorcycleaccidentlawyerpros.com,New Orleans,LA,legal,upenn.edu,91.0,1,bencrump.com,yes
neworleansmotorcycleaccidentlawyerpros.com,New Orleans,LA,legal,foxnews.com,91.0,5,bencrump.com,yes
newportbeachduilawyerpros.com,Newport Beach,CA,legal,wordpress.org,97.0,2,aaronmeyerlaw.com,yes
newportbeachduilawyerpros.com,Newport Beach,CA,legal,aarp.org,91.0,5,cmcdefense.com,yes
newportbeachduilawyerpros.com,Newport Beach,CA,legal,altervista.org,88.0,4,expertlawfirm.com,yes
newportbeachduilawyerpros.com,Newport Beach,CA,legal,tvtropes.org,82.0,1,cmcdefense.com,yes
newportbeachduilawyerpros.com,Newport Beach,CA,legal,ventsmagazine.com,76.0,10,aaronmeyerlaw.com,yes
newportbeachduilawyerpros.com,Newport Beach,CA,legal,voiceofsandiego.org,74.0,1,cmcdefense.com,yes
newportbeachduilawyerpros.com,Newport Beach,CA,legal,omicsgroup.org,72.0,3,cmcdefense.com,yes
newportbeachduilawyerpros.com,Newport Beach,CA,legal,meetup.com,92.0,7,expertlawfirm.com,no
newportbeachduilawyerpros.com,Newport Beach,CA,legal,calbizjournal.com,71.0,7,aaronmeyerlaw.com,yes
newportbeachduilawyerpros.com,Newport Beach,CA,legal,tripod.com,89.0,9,expertlawfirm.com,no
newportbeachduilawyerpros.com,Newport Beach,CA,legal,ow.ly,88.0,7,cmcdefense.com,no
newportbeachduilawyerpros.com,Newport Beach,CA,legal,angelfire.com,86.0,10,expertlawfirm.com,no
newyorkdogbitelawyerpros.com,New York,NY,legal,sa.com,90.0,9,raphaelsonlaw.com,no
newyorkdogbitelawyerpros.com,New York,NY,legal,heliohost.org,70.0,3,raphaelsonlaw.com,yes
newyorkdogbitelawyerpros.com,New York,NY,legal,lawyers.com,80.0,5,raphaelsonlaw.com,no
newyorkdogbitelawyerpros.com,New York,NY,legal,fundaciotapies.org,60.0,4,raphaelsonlaw.com,yes
newyorkdogbitelawyerpros.com,New York,NY,legal,phishtank.com,75.0,1,nylegaljustice.com,no
newyorkdogbitelawyerpros.com,New York,NY,legal,wonkette.com,70.0,1,nylegaljustice.com,no
newyorkdogbitelawyerpros.com,New York,NY,legal,travelful.net,62.0,5,nylegaljustice.com,no
newyorkdogbitelawyerpros.com,New York,NY,legal,fameblogs.net,56.0,1,raphaelsonlaw.com,no
newyorkdogbitelawyerpros.com,New York,NY,legal,videofutur.fr,53.0,12,raphaelsonlaw.com,no
newyorkdogbitelawyerpros.com,New York,NY,legal,websitesnewses.com,32.0,12,raphaelsonlaw.com,yes
newyorkdogbitelawyerpros.com,New York,NY,legal,jayde.com,51.0,11,nylegaljustice.com,no
newyorkdogbitelawyerpros.com,New York,NY,legal,trustedrevie.ws,46.0,2,raphaelsonlaw.com,no
oceansidepersonalinjurylawyerpros.com,Oceanside,CA,legal,ca.gov,94.0,6,harrispersonalinjury.com,yes
oceansidepersonalinjurylawyerpros.com,Oceanside,CA,legal,globenewswire.com,92.0,11,harrispersonalinjury.com,yes
oceansidepersonalinjurylawyerpros.com,Oceanside,CA,legal,newsweek.com,91.0,6,harrispersonalinjury.com,yes
oceansidepersonalinjurylawyerpros.com,Oceanside,CA,legal,aarp.org,91.0,5,harrispersonalinjury.com,yes
oceansidepersonalinjurylawyerpros.com,Oceanside,CA,legal,uci.edu,90.0,3,harrispersonalinjury.com,yes
oceansidepersonalinjurylawyerpros.com,Oceanside,CA,legal,colorado.edu,90.0,2,harrispersonalinjury.com,yes
oceansidepersonalinjurylawyerpros.com,Oceanside,CA,legal,oregonstate.edu,89.0,1,sargentlawfirm.com,yes
oceansidepersonalinjurylawyerpros.com,Oceanside,CA,legal,dc.gov,89.0,1,harrispersonalinjury.com,yes
oceansidepersonalinjurylawyerpros.com,Oceanside,CA,legal,umass.edu,88.0,3,sargentlawfirm.com,yes
oceansidepersonalinjurylawyerpros.com,Oceanside,CA,legal,la.gov,87.0,1,harrispersonalinjury.com,yes
oceansidepersonalinjurylawyerpros.com,Oceanside,CA,legal,northeastern.edu,87.0,2,harrispersonalinjury.com,yes
oceansidepersonalinjurylawyerpros.com,Oceanside,CA,legal,nd.edu,87.0,4,harrispersonalinjury.com,yes
orlandoduilawyerpros.com,Orlando,FL,legal,lsu.edu,85.0,4,mosesandrooth.com,yes
orlandoduilawyerpros.com,Orlando,FL,legal,ou.edu,83.0,1,mosesandrooth.com,yes
orlandoduilawyerpros.com,Orlando,FL,legal,worldmetrics.org,78.0,10,mosesandrooth.com,yes
orlandoduilawyerpros.com,Orlando,FL,legal,shinobi.jp,86.0,3,adamsluka.com,no
orlandoduilawyerpros.com,Orlando,FL,legal,canalblog.com,85.0,6,adamsluka.com,no
orlandoduilawyerpros.com,Orlando,FL,legal,solitarywatch.org,60.0,1,mosesandrooth.com,yes
orlandoduilawyerpros.com,Orlando,FL,legal,selfgrowth.com,74.0,6,duidefendersorlando.com,no
orlandoduilawyerpros.com,Orlando,FL,legal,brandman.edu,52.0,1,mosesandrooth.com,yes
orlandoduilawyerpros.com,Orlando,FL,legal,decoratoradvice.com,71.0,10,mosesandrooth.com,no
orlandoduilawyerpros.com,Orlando,FL,legal,increditools.com,70.0,8,mosesandrooth.com,no
orlandoduilawyerpros.com,Orlando,FL,legal,feedbuzzard.com,69.0,8,mosesandrooth.com,no
orlandoduilawyerpros.com,Orlando,FL,legal,facdl.org,45.0,1,mosesandrooth.com,yes
orlandomovingcompanypros.com,Orlando,FL,home,nytimes.com,94.0,5,collegehunkshaulingjunk.com,yes
orlandomovingcompanypros.com,Orlando,FL,home,apnews.com,92.0,2,collegehunkshaulingjunk.com,yes
orlandomovingcompanypros.com,Orlando,FL,home,globenewswire.com,92.0,11,collegehunkshaulingjunk.com,yes
orlandomovingcompanypros.com,Orlando,FL,home,cbsnews.com,92.0,5,twomenandatruck.com,yes
orlandomovingcompanypros.com,Orlando,FL,home,sba.gov,91.0,2,collegehunkshaulingjunk.com,yes
orlandomovingcompanypros.com,Orlando,FL,home,searchenginejournal.com,91.0,1,collegehunkshaulingjunk.com,yes
orlandomovingcompanypros.com,Orlando,FL,home,foxnews.com,91.0,5,collegehunkshaulingjunk.com,yes
orlandomovingcompanypros.com,Orlando,FL,home,nbcnews.com,91.0,6,twomenandatruck.com,yes
orlandomovingcompanypros.com,Orlando,FL,home,columbia.edu,91.0,2,twomenandatruck.com,yes
orlandomovingcompanypros.com,Orlando,FL,home,umich.edu,91.0,3,twomenandatruck.com,yes
orlandomovingcompanypros.com,Orlando,FL,home,newsweek.com,91.0,6,twomenandatruck.com,yes
orlandomovingcompanypros.com,Orlando,FL,home,virginia.gov,91.0,2,twomenandatruck.com,yes
overlandparkgaragedoorrepairpros.com,Overland Park,KS,home,dmoz.org,84.0,10,overheaddoorkansascity.com,yes
overlandparkgaragedoorrepairpros.com,Overland Park,KS,home,nari.org,77.0,3,overheaddoorkansascity.com,yes
overlandparkgaragedoorrepairpros.com,Overland Park,KS,home,10times.com,77.0,8,overheaddoorkansascity.com,yes
overlandparkgaragedoorrepairpros.com,Overland Park,KS,home,doors.org,74.0,1,precisiondoorkc.com,yes
overlandparkgaragedoorrepairpros.com,Overland Park,KS,home,cdn77.org,74.0,3,righttrackdoor.com,yes
overlandparkgaragedoorrepairpros.com,Overland Park,KS,home,googleapis.com,93.0,6,overheaddoorkansascity.com,no
overlandparkgaragedoorrepairpros.com,Overland Park,KS,home,amvets.org,73.0,1,overheaddoorkansascity.com,yes
overlandparkgaragedoorrepairpros.com,Overland Park,KS,home,digitaloceanspaces.com,91.0,3,overheaddoorkansascity.com,no
overlandparkgaragedoorrepairpros.com,Overland Park,KS,home,campaign-archive.com,91.0,6,overheaddoorkansascity.com,no
overlandparkgaragedoorrepairpros.com,Overland Park,KS,home,embedgooglemap.net,91.0,8,overheaddoorkansascity.com,no
overlandparkgaragedoorrepairpros.com,Overland Park,KS,home,cityfos.com,71.0,10,overheaddoorkansascity.com,yes
overlandparkgaragedoorrepairpros.com,Overland Park,KS,home,ow.ly,88.0,7,overheaddoorkansascity.com,no
oxnardcaraccidentlawyerpros.com,Oxnard,CA,legal,harvard.edu,93.0,2,dominguezfirm.com,yes
oxnardcaraccidentlawyerpros.com,Oxnard,CA,legal,berkeley.edu,92.0,3,dominguezfirm.com,yes
oxnardcaraccidentlawyerpros.com,Oxnard,CA,legal,umich.edu,91.0,3,dominguezfirm.com,yes
oxnardcaraccidentlawyerpros.com,Oxnard,CA,legal,psu.edu,91.0,3,dominguezfirm.com,yes
oxnardcaraccidentlawyerpros.com,Oxnard,CA,legal,washington.edu,91.0,1,dominguezfirm.com,yes
oxnardcaraccidentlawyerpros.com,Oxnard,CA,legal,ucla.edu,91.0,2,dominguezfirm.com,yes
oxnardcaraccidentlawyerpros.com,Oxnard,CA,legal,utexas.edu,91.0,3,dominguezfirm.com,yes
oxnardcaraccidentlawyerpros.com,Oxnard,CA,legal,osu.edu,90.0,1,dominguezfirm.com,yes
oxnardcaraccidentlawyerpros.com,Oxnard,CA,legal,uci.edu,90.0,3,dominguezfirm.com,yes
oxnardcaraccidentlawyerpros.com,Oxnard,CA,legal,virginia.edu,89.0,2,dominguezfirm.com,yes
oxnardcaraccidentlawyerpros.com,Oxnard,CA,legal,cuny.edu,88.0,2,dominguezfirm.com,yes
oxnardcaraccidentlawyerpros.com,Oxnard,CA,legal,indiana.edu,88.0,4,dominguezfirm.com,yes
parkergaragedoorrepairexperts.com,Parker,CO,home,paylocity.com,90.0,4,donsgaragedoors.com,yes
parkergaragedoorrepairexperts.com,Parker,CO,home,9news.com,81.0,5,donsgaragedoors.com,yes
parkergaragedoorrepairexperts.com,Parker,CO,home,abcactionnews.com,79.0,3,oneclearchoicegaragedoors.com,yes
parkergaragedoorrepairexperts.com,Parker,CO,home,newschannel5.com,78.0,5,oneclearchoicegaragedoors.com,yes
parkergaragedoorrepairexperts.com,Parker,CO,home,10news.com,77.0,4,oneclearchoicegaragedoors.com,yes
parkergaragedoorrepairexperts.com,Parker,CO,home,news5cleveland.com,77.0,3,oneclearchoicegaragedoors.com,yes
parkergaragedoorrepairexperts.com,Parker,CO,home,gravatar.com,97.0,3,donsgaragedoors.com,no
parkergaragedoorrepairexperts.com,Parker,CO,home,newschannelnebraska.com,76.0,8,mountainviewgaragedoorrepairs.com,yes
parkergaragedoorrepairexperts.com,Parker,CO,home,3newsnow.com,73.0,1,oneclearchoicegaragedoors.com,yes
parkergaragedoorrepairexperts.com,Parker,CO,home,issuu.com,93.0,5,donsgaragedoors.com,no
parkergaragedoorrepairexperts.com,Parker,CO,home,googleapis.com,93.0,6,donsgaragedoors.com,no
parkergaragedoorrepairexperts.com,Parker,CO,home,gitlab.com,92.0,2,donsgaragedoors.com,no
phoenixleakdetectionpros.com,Phoenix,AZ,home,openstreetmap.org,94.0,1,phoenix.gov,yes
phoenixleakdetectionpros.com,Phoenix,AZ,home,nytimes.com,94.0,5,phoenix.gov,yes
phoenixleakdetectionpros.com,Phoenix,AZ,home,cdc.gov,94.0,1,phoenix.gov,yes
phoenixleakdetectionpros.com,Phoenix,AZ,home,archive.org,93.0,1,phoenix.gov,yes
phoenixleakdetectionpros.com,Phoenix,AZ,home,harvard.edu,93.0,2,phoenix.gov,yes
phoenixleakdetectionpros.com,Phoenix,AZ,home,wikimedia.org,93.0,2,phoenix.gov,yes
phoenixleakdetectionpros.com,Phoenix,AZ,home,epa.gov,93.0,1,phoenix.gov,yes
phoenixleakdetectionpros.com,Phoenix,AZ,home,usda.gov,92.0,1,phoenix.gov,yes
phoenixleakdetectionpros.com,Phoenix,AZ,home,mayoclinic.org,92.0,1,phoenix.gov,yes
phoenixleakdetectionpros.com,Phoenix,AZ,home,npr.org,92.0,2,phoenix.gov,yes
phoenixleakdetectionpros.com,Phoenix,AZ,home,cbsnews.com,92.0,5,phoenix.gov,yes
phoenixleakdetectionpros.com,Phoenix,AZ,home,cambridge.org,92.0,1,phoenix.gov,yes
raleighmovingcompanypros.com,Raleigh,NC,home,cbsnews.com,92.0,5,twomenandatruck.com,yes
raleighmovingcompanypros.com,Raleigh,NC,home,globenewswire.com,92.0,11,twomenandatruck.com,yes
raleighmovingcompanypros.com,Raleigh,NC,home,nbcnews.com,91.0,6,twomenandatruck.com,yes
raleighmovingcompanypros.com,Raleigh,NC,home,columbia.edu,91.0,2,twomenandatruck.com,yes
raleighmovingcompanypros.com,Raleigh,NC,home,umich.edu,91.0,3,twomenandatruck.com,yes
raleighmovingcompanypros.com,Raleigh,NC,home,newsweek.com,91.0,6,twomenandatruck.com,yes
raleighmovingcompanypros.com,Raleigh,NC,home,foxnews.com,91.0,5,twomenandatruck.com,yes
raleighmovingcompanypros.com,Raleigh,NC,home,virginia.gov,91.0,2,twomenandatruck.com,yes
raleighmovingcompanypros.com,Raleigh,NC,home,wisc.edu,91.0,1,twomenandatruck.com,yes
raleighmovingcompanypros.com,Raleigh,NC,home,realtor.com,91.0,2,twomenandatruck.com,yes
raleighmovingcompanypros.com,Raleigh,NC,home,nar.realtor,91.0,1,twomenandatruck.com,yes
raleighmovingcompanypros.com,Raleigh,NC,home,chicagotribune.com,90.0,4,twomenandatruck.com,yes
sacramentoacrepair.com,Sacramento,CA,home,globenewswire.com,92.0,11,gilmoreair.com,yes
sacramentoacrepair.com,Sacramento,CA,home,ucdavis.edu,90.0,2,gilmoreair.com,yes
sacramentoacrepair.com,Sacramento,CA,home,altervista.org,88.0,4,gilmoreair.com,yes
sacramentoacrepair.com,Sacramento,CA,home,gesis.org,77.0,1,gilmoreair.com,yes
sacramentoacrepair.com,Sacramento,CA,home,donews.com,77.0,1,gilmoreair.com,yes
sacramentoacrepair.com,Sacramento,CA,home,childrensmiraclenetworkhospitals.org,76.0,2,gilmoreair.com,yes
sacramentoacrepair.com,Sacramento,CA,home,marketbusinessnews.com,76.0,4,gilmoreair.com,yes
sacramentoacrepair.com,Sacramento,CA,home,blogger.com,94.0,8,gilmoreair.com,no
sacramentoacrepair.com,Sacramento,CA,home,realtytimes.com,74.0,8,gilmoreair.com,yes
sacramentoacrepair.com,Sacramento,CA,home,newsvine.com,73.0,2,gilmoreair.com,yes
sacramentoacrepair.com,Sacramento,CA,home,dailynewsegypt.com,73.0,1,gilmoreair.com,yes
sacramentoacrepair.com,Sacramento,CA,home,abnewswire.com,72.0,7,calljazz.com,yes
salinascaraccidentlawyer.com,Salinas,CA,legal,montereyherald.com,73.0,1,rolmlawyers.com,yes
salinascaraccidentlawyer.com,Salinas,CA,legal,lawyers.com,80.0,5,rolmlawyers.com,no
salinascaraccidentlawyer.com,Salinas,CA,legal,conversationswithbianca.com,63.0,1,sjallenlaw.com,no
salinascaraccidentlawyer.com,Salinas,CA,legal,websitesnewses.com,32.0,12,rolmlawyers.com,yes
salinascaraccidentlawyer.com,Salinas,CA,legal,lawyercentral.com,33.0,8,lavoratoandscott.com,no
salinascaraccidentlawyer.com,Salinas,CA,legal,klazify.com,30.0,7,sjallenlaw.com,no
sacramentodogbitelawyerpros.com,Sacramento,CA,legal,columbia.edu,91.0,2,singletonschreiber.com,yes
sacramentodogbitelawyerpros.com,Sacramento,CA,legal,mercurynews.com,87.0,4,singletonschreiber.com,yes
sacramentodogbitelawyerpros.com,Sacramento,CA,legal,unm.edu,86.0,2,singletonschreiber.com,yes
sacramentodogbitelawyerpros.com,Sacramento,CA,legal,einnews.com,84.0,6,singletonschreiber.com,yes
sacramentodogbitelawyerpros.com,Sacramento,CA,legal,insurancejournal.com,83.0,1,singletonschreiber.com,yes
sacramentodogbitelawyerpros.com,Sacramento,CA,legal,eventive.org,83.0,1,walkuplawoffice.com,yes
sacramentodogbitelawyerpros.com,Sacramento,CA,legal,wpr.org,80.0,1,singletonschreiber.com,yes
sacramentodogbitelawyerpros.com,Sacramento,CA,legal,kpbs.org,79.0,4,singletonschreiber.com,yes
sacramentodogbitelawyerpros.com,Sacramento,CA,legal,knoxnews.com,78.0,2,singletonschreiber.com,yes
sacramentodogbitelawyerpros.com,Sacramento,CA,legal,timesofsandiego.com,78.0,5,singletonschreiber.com,yes
sacramentodogbitelawyerpros.com,Sacramento,CA,legal,eastbaytimes.com,78.0,2,singletonschreiber.com,yes
sacramentodogbitelawyerpros.com,Sacramento,CA,legal,denvergazette.com,75.0,1,singletonschreiber.com,yes
sandiegodogbitelawyerpros.com,San Diego,CA,legal,sandiegouniontribune.com,86.0,10,caseygerry.com,yes
sandiegodogbitelawyerpros.com,San Diego,CA,legal,sandiego.edu,81.0,3,caseygerry.com,yes
sandiegodogbitelawyerpros.com,San Diego,CA,legal,timesofsandiego.com,78.0,5,caseygerry.com,yes
sandiegodogbitelawyerpros.com,San Diego,CA,legal,sandiegomagazine.com,76.0,4,mcclellanlaw.com,yes
sandiegodogbitelawyerpros.com,San Diego,CA,legal,ca.gov,94.0,6,mcclellanlaw.com,yes
sandiegodogbitelawyerpros.com,San Diego,CA,legal,globenewswire.com,92.0,11,caseygerry.com,yes
sandiegodogbitelawyerpros.com,San Diego,CA,legal,unl.edu,89.0,4,caseygerry.com,yes
sandiegodogbitelawyerpros.com,San Diego,CA,legal,newswire.com,84.0,8,caseygerry.com,yes
sandiegodogbitelawyerpros.com,San Diego,CA,legal,dmoz.org,84.0,10,caseygerry.com,yes
sandiegodogbitelawyerpros.com,San Diego,CA,legal,nbcsandiego.com,79.0,3,caseygerry.com,yes
sandiegodogbitelawyerpros.com,San Diego,CA,legal,prlog.org,83.0,7,caseygerry.com,yes
sandiegodogbitelawyerpros.com,San Diego,CA,legal,courthousenews.com,82.0,3,caseygerry.com,yes
sandiegoleakdetectionpros.com,San Diego,CA,home,sandiegouniontribune.com,86.0,10,sandiego.gov,yes
sandiegoleakdetectionpros.com,San Diego,CA,home,sandiegocounty.gov,80.0,1,sandiego.gov,yes
sandiegoleakdetectionpros.com,San Diego,CA,home,timesofsandiego.com,78.0,5,sandiego.gov,yes
sandiegoleakdetectionpros.com,San Diego,CA,home,sandiegomagazine.com,76.0,4,sandiego.gov,yes
sandiegoleakdetectionpros.com,San Diego,CA,home,nytimes.com,94.0,5,sandiego.gov,yes
sandiegoleakdetectionpros.com,San Diego,CA,home,ca.gov,94.0,6,sandiego.gov,yes
sandiegoleakdetectionpros.com,San Diego,CA,home,cbsnews.com,92.0,5,sandiego.gov,yes
sandiegoleakdetectionpros.com,San Diego,CA,home,ieee.org,92.0,2,sandiego.gov,yes
sandiegoleakdetectionpros.com,San Diego,CA,home,latimes.com,92.0,5,sandiego.gov,yes
sandiegoleakdetectionpros.com,San Diego,CA,home,pypi.org,91.0,1,sandiego.gov,yes
sandiegoleakdetectionpros.com,San Diego,CA,home,house.gov,91.0,1,sandiego.gov,yes
sandiegoleakdetectionpros.com,San Diego,CA,home,change.org,91.0,1,sandiego.gov,yes
sandiegowrongfulterminationlaw.com,San Diego,CA,legal,sandiegouniontribune.com,86.0,10,thegomezfirm.com,yes
sandiegowrongfulterminationlaw.com,San Diego,CA,legal,sandiego.edu,81.0,3,thegomezfirm.com,yes
sandiegowrongfulterminationlaw.com,San Diego,CA,legal,timesofsandiego.com,78.0,5,attorneys.superlawyers.com,yes
sandiegowrongfulterminationlaw.com,San Diego,CA,legal,ca.gov,94.0,6,thegomezfirm.com,yes
sandiegowrongfulterminationlaw.com,San Diego,CA,legal,globenewswire.com,92.0,11,attorneys.superlawyers.com,yes
sandiegowrongfulterminationlaw.com,San Diego,CA,legal,jhu.edu,91.0,1,attorneys.superlawyers.com,yes
sandiegowrongfulterminationlaw.com,San Diego,CA,legal,virginia.gov,91.0,2,attorneys.superlawyers.com,yes
sandiegowrongfulterminationlaw.com,San Diego,CA,legal,ct.gov,91.0,1,attorneys.superlawyers.com,yes
sandiegowrongfulterminationlaw.com,San Diego,CA,legal,ucdavis.edu,90.0,2,attorneys.superlawyers.com,yes
sandiegowrongfulterminationlaw.com,San Diego,CA,legal,chicagotribune.com,90.0,4,attorneys.superlawyers.com,yes
sandiegowrongfulterminationlaw.com,San Diego,CA,legal,unicode.org,90.0,1,attorneys.superlawyers.com,yes
sandiegowrongfulterminationlaw.com,San Diego,CA,legal,asu.edu,90.0,3,attorneys.superlawyers.com,yes
sanjosemovingcompanypros.com,San Jose,CA,home,newsweek.com,91.0,6,allied.com,yes
sanjosemovingcompanypros.com,San Jose,CA,home,indiana.edu,88.0,4,allied.com,yes
sanjosemovingcompanypros.com,San Jose,CA,home,miami.edu,85.0,4,allied.com,yes
sanjosemovingcompanypros.com,San Jose,CA,home,lsu.edu,85.0,4,allied.com,yes
sanjosemovingcompanypros.com,San Jose,CA,home,ua.edu,84.0,2,allied.com,yes
sanjosemovingcompanypros.com,San Jose,CA,home,theepochtimes.com,83.0,3,allied.com,yes
sanjosemovingcompanypros.com,San Jose,CA,home,komen.org,83.0,1,allied.com,yes
sanjosemovingcompanypros.com,San Jose,CA,home,dmv.org,78.0,4,meatheadmovers.com,yes
sanjosemovingcompanypros.com,San Jose,CA,home,worldmetrics.org,78.0,10,allied.com,yes
sanjosemovingcompanypros.com,San Jose,CA,home,usm.edu,78.0,1,allied.com,yes
sanjosemovingcompanypros.com,San Jose,CA,home,unf.edu,78.0,1,allied.com,yes
sanjosemovingcompanypros.com,San Jose,CA,home,gravatar.com,97.0,3,a2bmoversinc.com,no
sanjoseduilawyerpros.com,San Jose,CA,legal,upcity.com,81.0,7,sjdefender.com,yes
sanjoseduilawyerpros.com,San Jose,CA,legal,duckdns.org,80.0,5,sjdefender.com,yes
sanjoseduilawyerpros.com,San Jose,CA,legal,goo.gl,97.0,7,sjdefender.com,no
sanjoseduilawyerpros.com,San Jose,CA,legal,sanjosespotlight.com,72.0,1,sjdefender.com,yes
sanjoseduilawyerpros.com,San Jose,CA,legal,blogger.com,94.0,8,sjdefender.com,no
sanjoseduilawyerpros.com,San Jose,CA,legal,wbs-law.de,92.0,1,sjdefender.com,no
sanjoseduilawyerpros.com,San Jose,CA,legal,sketchfab.com,90.0,2,sjdefender.com,no
sanjoseduilawyerpros.com,San Jose,CA,legal,sitepronews.com,70.0,1,sjdefender.com,yes
sanjoseduilawyerpros.com,San Jose,CA,legal,tripod.com,89.0,9,bayareacriminaldui.com,no
sanjoseduilawyerpros.com,San Jose,CA,legal,sony.com,88.0,1,sjdefender.com,no
sanjoseduilawyerpros.com,San Jose,CA,legal,sanjoseinside.com,61.0,1,sjdefender.com,yes
sanjoseduilawyerpros.com,San Jose,CA,legal,narod.ru,86.0,3,bayareacriminaldui.com,no
sanjoseemergencyplumberpros.com,San Jose,CA,home,livejournal.com,90.0,7,rotorooter.com,yes
sanjoseemergencyplumberpros.com,San Jose,CA,home,iicrc.org,83.0,1,rotorooter.com,yes
sanjoseemergencyplumberpros.com,San Jose,CA,home,acsevents.org,80.0,1,mcplumbing.com,yes
sanjoseemergencyplumberpros.com,San Jose,CA,home,dbpedia.org,79.0,2,rotorooter.com,yes
sanjoseemergencyplumberpros.com,San Jose,CA,home,worldmetrics.org,78.0,10,rotorooter.com,yes
sanjoseemergencyplumberpros.com,San Jose,CA,home,substack.com,94.0,6,mcplumbing.com,no
sanjoseemergencyplumberpros.com,San Jose,CA,home,blogger.com,94.0,8,mcplumbing.com,no
sanjoseemergencyplumberpros.com,San Jose,CA,home,hubspot.com,93.0,4,rotorooter.com,no
sanjoseemergencyplumberpros.com,San Jose,CA,home,oracle.com,93.0,2,rotorooter.com,no
sanjoseemergencyplumberpros.com,San Jose,CA,home,cnbc.com,92.0,6,rotorooter.com,no
sanjoseemergencyplumberpros.com,San Jose,CA,home,chroniclejournal.com,72.0,12,rotorooter.com,yes
sanjoseemergencyplumberpros.com,San Jose,CA,home,marinmagazine.com,72.0,1,rotorooter.com,yes
santaanapersonalinjurylawyerpros.com,Santa Ana,CA,legal,globenewswire.com,92.0,11,trautinjurylaw.com,yes
santaanapersonalinjurylawyerpros.com,Santa Ana,CA,legal,simplypsychology.org,85.0,8,wshapiro.com,yes
santaanapersonalinjurylawyerpros.com,Santa Ana,CA,legal,citysearch.com,80.0,9,wshapiro.com,yes
santaanapersonalinjurylawyerpros.com,Santa Ana,CA,legal,hg.org,78.0,9,wshapiro.com,yes
santaanapersonalinjurylawyerpros.com,Santa Ana,CA,legal,attorneyatlawmagazine.com,72.0,5,wshapiro.com,yes
santaanapersonalinjurylawyerpros.com,Santa Ana,CA,legal,clutch.co,91.0,4,wshapiro.com,no
santaanapersonalinjurylawyerpros.com,Santa Ana,CA,legal,calbizjournal.com,71.0,7,wshapiro.com,yes
santaanapersonalinjurylawyerpros.com,Santa Ana,CA,legal,mykajabi.com,91.0,2,trautinjurylaw.com,no
santaanapersonalinjurylawyerpros.com,Santa Ana,CA,legal,libsyn.com,91.0,8,thesimonlawgroup.com,no
santaanapersonalinjurylawyerpros.com,Santa Ana,CA,legal,bnonews.com,70.0,2,wshapiro.com,yes
santaanapersonalinjurylawyerpros.com,Santa Ana,CA,legal,sa.com,90.0,9,trautinjurylaw.com,no
santaanapersonalinjurylawyerpros.com,Santa Ana,CA,legal,goodfirms.co,86.0,8,wshapiro.com,no
santabarbaracaraccidentlawyer.com,Santa Barbara,CA,legal,simplypsychology.org,85.0,8,maho-prentice.com,yes
santabarbaracaraccidentlawyer.com,Santa Barbara,CA,legal,ventsmagazine.com,76.0,10,maho-prentice.com,yes
santabarbaracaraccidentlawyer.com,Santa Barbara,CA,legal,marketbusinessnews.com,76.0,4,maho-prentice.com,yes
santabarbaracaraccidentlawyer.com,Santa Barbara,CA,legal,dailycal.org,76.0,1,maho-prentice.com,yes
santabarbaracaraccidentlawyer.com,Santa Barbara,CA,legal,reddit.com,95.0,10,maho-prentice.com,no
santabarbaracaraccidentlawyer.com,Santa Barbara,CA,legal,traveldailynews.com,75.0,4,maho-prentice.com,yes
santabarbaracaraccidentlawyer.com,Santa Barbara,CA,legal,apnnews.com,75.0,2,maho-prentice.com,yes
santabarbaracaraccidentlawyer.com,Santa Barbara,CA,legal,sciencetimes.com,74.0,1,maho-prentice.com,yes
santabarbaracaraccidentlawyer.com,Santa Barbara,CA,legal,psychreg.org,73.0,2,maho-prentice.com,yes
santabarbaracaraccidentlawyer.com,Santa Barbara,CA,legal,smdailyjournal.com,72.0,1,maho-prentice.com,yes
santabarbaracaraccidentlawyer.com,Santa Barbara,CA,legal,chroniclejournal.com,72.0,12,maho-prentice.com,yes
santabarbaracaraccidentlawyer.com,Santa Barbara,CA,legal,disruptmagazine.com,72.0,3,maho-prentice.com,yes
tampafamilylawattorneypros.com,Tampa,FL,legal,tampamagazines.com,64.0,4,harrishuntderr.com,yes
tampafamilylawattorneypros.com,Tampa,FL,legal,tampabay28.com,79.0,3,olderlundylaw.com,yes
tampafamilylawattorneypros.com,Tampa,FL,legal,spectrumlocalnews.com,83.0,2,olderlundylaw.com,yes
tampafamilylawattorneypros.com,Tampa,FL,legal,upcity.com,81.0,7,olderlundylaw.com,yes
tampafamilylawattorneypros.com,Tampa,FL,legal,abcactionnews.com,79.0,3,olderlundylaw.com,yes
tampafamilylawattorneypros.com,Tampa,FL,legal,hg.org,78.0,9,olderlundylaw.com,yes
tampafamilylawattorneypros.com,Tampa,FL,legal,cftampabay.org,53.0,1,olderlundylaw.com,yes
tampafamilylawattorneypros.com,Tampa,FL,legal,baynews9.com,77.0,1,olderlundylaw.com,yes
tampafamilylawattorneypros.com,Tampa,FL,legal,voyagetampa.com,72.0,1,olderlundylaw.com,yes
tampafamilylawattorneypros.com,Tampa,FL,legal,newschannelnebraska.com,76.0,8,tampaattorneys.com,yes
tampafamilylawattorneypros.com,Tampa,FL,legal,stetson.edu,75.0,4,olderlundylaw.com,yes
tampafamilylawattorneypros.com,Tampa,FL,legal,mynews13.com,75.0,1,olderlundylaw.com,yes
scottsdalegaragedoorrepairpros.com,Scottsdale,AZ,home,neocities.org,88.0,3,thegaragedoorheroes.com,yes
scottsdalegaragedoorrepairpros.com,Scottsdale,AZ,home,ventsmagazine.com,76.0,10,thegaragedoorheroes.com,yes
scottsdalegaragedoorrepairpros.com,Scottsdale,AZ,home,googleapis.com,93.0,6,thegaragedoorheroes.com,no
scottsdalegaragedoorrepairpros.com,Scottsdale,AZ,home,windows.net,92.0,3,thegaragedoorheroes.com,no
scottsdalegaragedoorrepairpros.com,Scottsdale,AZ,home,digitaloceanspaces.com,91.0,3,thegaragedoorheroes.com,no
scottsdalegaragedoorrepairpros.com,Scottsdale,AZ,home,oraclecloud.com,89.0,1,thegaragedoorheroes.com,no
scottsdalegaragedoorrepairpros.com,Scottsdale,AZ,home,newsblaze.com,66.0,12,thegaragedoorheroes.com,yes
scottsdalegaragedoorrepairpros.com,Scottsdale,AZ,home,wakelet.com,85.0,2,thegaragedoorheroes.com,no
scottsdalegaragedoorrepairpros.com,Scottsdale,AZ,home,storify.com,84.0,12,precisiongarageworks.com,no
scottsdalegaragedoorrepairpros.com,Scottsdale,AZ,home,backblazeb2.com,82.0,1,thegaragedoorheroes.com,no
scottsdalegaragedoorrepairpros.com,Scottsdale,AZ,home,usmemorialday.org,59.0,2,above-allgaragedoor.com,yes
scottsdalegaragedoorrepairpros.com,Scottsdale,AZ,home,linodeobjects.com,78.0,4,thegaragedoorheroes.com,no
tampatileroofrepair.com,Tampa,FL,home,altervista.org,88.0,4,tamparoofrepair.com,yes
tampatileroofrepair.com,Tampa,FL,home,einnews.com,84.0,6,jaeofamerica.com,yes
tampatileroofrepair.com,Tampa,FL,home,liberty.edu,79.0,1,jaeofamerica.com,yes
tampatileroofrepair.com,Tampa,FL,home,netlify.app,93.0,12,tamparoofrepair.com,no
tampatileroofrepair.com,Tampa,FL,home,businessinsider.com,92.0,11,jaeofamerica.com,no
tampatileroofrepair.com,Tampa,FL,home,campaign-archive.com,91.0,6,jaeofamerica.com,no
tampatileroofrepair.com,Tampa,FL,home,einpresswire.com,88.0,10,jaeofamerica.com,no
tampatileroofrepair.com,Tampa,FL,home,gaf.com,85.0,3,neumann.construction,no
tampatileroofrepair.com,Tampa,FL,home,bluesombrero.com,85.0,8,jaeofamerica.com,no
tampatileroofrepair.com,Tampa,FL,home,niche.com,84.0,8,jaeofamerica.com,no
tampatileroofrepair.com,Tampa,FL,home,tileroofing.org,61.0,1,neumann.construction,yes
tampatileroofrepair.com,Tampa,FL,home,radio.com,80.0,1,jaeofamerica.com,no
tampacriminaldefenselawyerpros.com,Tampa,FL,legal,ufl.edu,90.0,2,criminaldefenseattorneytampa.com,yes
tampacriminaldefenselawyerpros.com,Tampa,FL,legal,americanbar.org,90.0,3,criminaldefenseattorneytampa.com,yes
tampacriminaldefenselawyerpros.com,Tampa,FL,legal,eu.org,86.0,6,criminaldefenseattorneytampa.com,yes
tampacriminaldefenselawyerpros.com,Tampa,FL,legal,tampabay28.com,79.0,3,criminaldefenseattorneytampa.com,yes
tampacriminaldefenselawyerpros.com,Tampa,FL,legal,bitcointalk.org,83.0,2,criminaldefenseattorneytampa.com,yes
tampacriminaldefenselawyerpros.com,Tampa,FL,legal,9news.com,81.0,5,criminaldefenseattorneytampa.com,yes
tampacriminaldefenselawyerpros.com,Tampa,FL,legal,duckdns.org,80.0,5,criminaldefenseattorneytampa.com,yes
tampacriminaldefenselawyerpros.com,Tampa,FL,legal,heraldtribune.com,80.0,2,criminaldefenseattorneytampa.com,yes
tampacriminaldefenselawyerpros.com,Tampa,FL,legal,abcactionnews.com,79.0,3,criminaldefenseattorneytampa.com,yes
tampacriminaldefenselawyerpros.com,Tampa,FL,legal,scrippsnews.com,79.0,2,criminaldefenseattorneytampa.com,yes
tampacriminaldefenselawyerpros.com,Tampa,FL,legal,phoenixnewtimes.com,78.0,1,criminaldefenseattorneytampa.com,yes
tampacriminaldefenselawyerpros.com,Tampa,FL,legal,newschannel5.com,78.0,5,criminaldefenseattorneytampa.com,yes
tempeduilawyerpros.com,Tempe,AZ,legal,eu.org,86.0,6,azduiteam.com,yes
tempeduilawyerpros.com,Tempe,AZ,legal,duckdns.org,80.0,5,azduiteam.com,yes
tempeduilawyerpros.com,Tempe,AZ,legal,phoenix.edu,78.0,4,azduiteam.com,yes
tempeduilawyerpros.com,Tempe,AZ,legal,traveldailynews.com,75.0,4,azduiteam.com,yes
tempeduilawyerpros.com,Tempe,AZ,legal,abnewswire.com,72.0,7,azduiteam.com,yes
tempeduilawyerpros.com,Tempe,AZ,legal,callutheran.edu,71.0,9,azduiteam.com,yes
tempeduilawyerpros.com,Tempe,AZ,legal,attac.org,71.0,1,azduiteam.com,yes
tempeduilawyerpros.com,Tempe,AZ,legal,mintpressnews.com,71.0,1,azduiteam.com,yes
tempeduilawyerpros.com,Tempe,AZ,legal,server-home.org,71.0,1,azduiteam.com,yes
tempeduilawyerpros.com,Tempe,AZ,legal,joomshaper.com,89.0,1,azduiteam.com,no
tempeduilawyerpros.com,Tempe,AZ,legal,addicted.org,65.0,1,azduiteam.com,yes
tempeduilawyerpros.com,Tempe,AZ,legal,answers.com,82.0,1,azduiteam.com,no
tucsonemergencyplumberpros.com,Tucson,AZ,home,fullerton.edu,79.0,1,goettl.com,yes
tucsonemergencyplumberpros.com,Tucson,AZ,home,tucsonchamber.org,51.0,1,calsplumbing.com,yes
tucsonemergencyplumberpros.com,Tucson,AZ,home,bit.ly,95.0,10,goettl.com,no
tucsonemergencyplumberpros.com,Tucson,AZ,home,inc.com,91.0,12,goettl.com,no
tucsonemergencyplumberpros.com,Tucson,AZ,home,shorturl.at,91.0,1,goettl.com,no
tucsonemergencyplumberpros.com,Tucson,AZ,home,arizonafoothillsmagazine.com,71.0,1,goettl.com,yes
tucsonemergencyplumberpros.com,Tucson,AZ,home,upcoming.org,67.0,1,goettl.com,yes
tucsonemergencyplumberpros.com,Tucson,AZ,home,bluesombrero.com,85.0,8,tucsonplumbing.com,no
tucsonemergencyplumberpros.com,Tucson,AZ,home,muckrack.com,85.0,6,goettl.com,no
tucsonemergencyplumberpros.com,Tucson,AZ,home,keycdn.com,84.0,5,calsplumbing.com,no
tucsonemergencyplumberpros.com,Tucson,AZ,home,owenscorning.com,84.0,4,goettl.com,no
tucsonemergencyplumberpros.com,Tucson,AZ,home,clubexpress.com,82.0,5,tucsonplumbing.com,no
virginiabeachcaraccidentlawyerpros.com,Virginia Beach,VA,legal,virginia.gov,91.0,2,attorneys.superlawyers.com,yes
virginiabeachcaraccidentlawyerpros.com,Virginia Beach,VA,legal,globenewswire.com,92.0,11,attorneys.superlawyers.com,yes
virginiabeachcaraccidentlawyerpros.com,Virginia Beach,VA,legal,jhu.edu,91.0,1,attorneys.superlawyers.com,yes
virginiabeachcaraccidentlawyerpros.com,Virginia Beach,VA,legal,ct.gov,91.0,1,attorneys.superlawyers.com,yes
virginiabeachcaraccidentlawyerpros.com,Virginia Beach,VA,legal,ucdavis.edu,90.0,2,attorneys.superlawyers.com,yes
virginiabeachcaraccidentlawyerpros.com,Virginia Beach,VA,legal,chicagotribune.com,90.0,4,attorneys.superlawyers.com,yes
virginiabeachcaraccidentlawyerpros.com,Virginia Beach,VA,legal,unicode.org,90.0,1,attorneys.superlawyers.com,yes
virginiabeachcaraccidentlawyerpros.com,Virginia Beach,VA,legal,asu.edu,90.0,3,attorneys.superlawyers.com,yes
virginiabeachcaraccidentlawyerpros.com,Virginia Beach,VA,legal,georgetown.edu,90.0,3,attorneys.superlawyers.com,yes
virginiabeachcaraccidentlawyerpros.com,Virginia Beach,VA,legal,arizona.edu,90.0,2,attorneys.superlawyers.com,yes
virginiabeachcaraccidentlawyerpros.com,Virginia Beach,VA,legal,patch.com,90.0,4,attorneys.superlawyers.com,yes
virginiabeachcaraccidentlawyerpros.com,Virginia Beach,VA,legal,uga.edu,89.0,2,attorneys.superlawyers.com,yes
victorvillecaraccidentlawyerpros.com,Victorville,CA,legal,northwestern.edu,90.0,1,jacobyandmeyers.com,yes
victorvillecaraccidentlawyerpros.com,Victorville,CA,legal,umass.edu,88.0,3,jacobyandmeyers.com,yes
victorvillecaraccidentlawyerpros.com,Victorville,CA,legal,nd.edu,87.0,4,jacobyandmeyers.com,yes
victorvillecaraccidentlawyerpros.com,Victorville,CA,legal,pastemagazine.com,82.0,1,jacobyandmeyers.com,yes
victorvillecaraccidentlawyerpros.com,Victorville,CA,legal,louisville.edu,81.0,4,jacobyandmeyers.com,yes
victorvillecaraccidentlawyerpros.com,Victorville,CA,legal,wfu.edu,81.0,2,jacobyandmeyers.com,yes
victorvillecaraccidentlawyerpros.com,Victorville,CA,legal,marquette.edu,80.0,4,jacobyandmeyers.com,yes
victorvillecaraccidentlawyerpros.com,Victorville,CA,legal,pepperdine.edu,80.0,4,jacobyandmeyers.com,yes
victorvillecaraccidentlawyerpros.com,Victorville,CA,legal,richmond.edu,80.0,3,jacobyandmeyers.com,yes
victorvillecaraccidentlawyerpros.com,Victorville,CA,legal,usfca.edu,80.0,2,jacobyandmeyers.com,yes
victorvillecaraccidentlawyerpros.com,Victorville,CA,legal,utoledo.edu,78.0,1,jacobyandmeyers.com,yes
victorvillecaraccidentlawyerpros.com,Victorville,CA,legal,phoenix.edu,78.0,4,jacobyandmeyers.com,yes
virginiabeachpersonalinjurylawyerpros.com,Virginia Beach,VA,legal,virginia.gov,91.0,2,attorneys.superlawyers.com,yes
virginiabeachpersonalinjurylawyerpros.com,Virginia Beach,VA,legal,globenewswire.com,92.0,11,attorneys.superlawyers.com,yes
virginiabeachpersonalinjurylawyerpros.com,Virginia Beach,VA,legal,jhu.edu,91.0,1,attorneys.superlawyers.com,yes
virginiabeachpersonalinjurylawyerpros.com,Virginia Beach,VA,legal,ct.gov,91.0,1,attorneys.superlawyers.com,yes
virginiabeachpersonalinjurylawyerpros.com,Virginia Beach,VA,legal,ucdavis.edu,90.0,2,attorneys.superlawyers.com,yes
virginiabeachpersonalinjurylawyerpros.com,Virginia Beach,VA,legal,chicagotribune.com,90.0,4,attorneys.superlawyers.com,yes
virginiabeachpersonalinjurylawyerpros.com,Virginia Beach,VA,legal,unicode.org,90.0,1,attorneys.superlawyers.com,yes
virginiabeachpersonalinjurylawyerpros.com,Virginia Beach,VA,legal,asu.edu,90.0,3,attorneys.superlawyers.com,yes
virginiabeachpersonalinjurylawyerpros.com,Virginia Beach,VA,legal,georgetown.edu,90.0,3,attorneys.superlawyers.com,yes
virginiabeachpersonalinjurylawyerpros.com,Virginia Beach,VA,legal,arizona.edu,90.0,2,attorneys.superlawyers.com,yes
virginiabeachpersonalinjurylawyerpros.com,Virginia Beach,VA,legal,patch.com,90.0,4,attorneys.superlawyers.com,yes
virginiabeachpersonalinjurylawyerpros.com,Virginia Beach,VA,legal,uga.edu,89.0,2,attorneys.superlawyers.com,yes
waterdamageaustinco.com,Austin,TX,home,globenewswire.com,92.0,11,servpro.com,yes
waterdamageaustinco.com,Austin,TX,home,redcross.org,91.0,1,servpro.com,yes
waterdamageaustinco.com,Austin,TX,home,wikidata.org,90.0,4,servpro.com,yes
waterdamageaustinco.com,Austin,TX,home,livejournal.com,90.0,7,rotorooter.com,yes
waterdamageaustinco.com,Austin,TX,home,vermont.gov,88.0,1,servpro.com,yes
waterdamageaustinco.com,Austin,TX,home,iicrc.org,83.0,1,rotorooter.com,yes
waterdamageaustinco.com,Austin,TX,home,bangordailynews.com,80.0,2,servpro.com,yes
waterdamageaustinco.com,Austin,TX,home,providencejournal.com,80.0,3,servpro.com,yes
waterdamageaustinco.com,Austin,TX,home,dbpedia.org,79.0,2,rotorooter.com,yes
waterdamageaustinco.com,Austin,TX,home,naahq.org,78.0,1,servpro.com,yes
waterdamageaustinco.com,Austin,TX,home,tampa.gov,78.0,3,servpro.com,yes
waterdamageaustinco.com,Austin,TX,home,worldmetrics.org,78.0,10,servpro.com,yes
westcovinacaraccidentlawyerpros.com,West Covina,CA,legal,creativecommons.org,94.0,3,accidentattorneytim.com,yes
westcovinacaraccidentlawyerpros.com,West Covina,CA,legal,harvard.edu,93.0,2,dominguezfirm.com,yes
westcovinacaraccidentlawyerpros.com,West Covina,CA,legal,berkeley.edu,92.0,3,dominguezfirm.com,yes
westcovinacaraccidentlawyerpros.com,West Covina,CA,legal,aarp.org,91.0,5,mikepaynelaw.com,yes
westcovinacaraccidentlawyerpros.com,West Covina,CA,legal,umich.edu,91.0,3,dominguezfirm.com,yes
westcovinacaraccidentlawyerpros.com,West Covina,CA,legal,psu.edu,91.0,3,dominguezfirm.com,yes
westcovinacaraccidentlawyerpros.com,West Covina,CA,legal,washington.edu,91.0,1,dominguezfirm.com,yes
westcovinacaraccidentlawyerpros.com,West Covina,CA,legal,ucla.edu,91.0,2,dominguezfirm.com,yes
westcovinacaraccidentlawyerpros.com,West Covina,CA,legal,utexas.edu,91.0,3,dominguezfirm.com,yes
westcovinacaraccidentlawyerpros.com,West Covina,CA,legal,osu.edu,90.0,1,dominguezfirm.com,yes
westcovinacaraccidentlawyerpros.com,West Covina,CA,legal,uci.edu,90.0,3,dominguezfirm.com,yes
westcovinacaraccidentlawyerpros.com,West Covina,CA,legal,virginia.edu,89.0,2,dominguezfirm.com,yes
