market,our_domain,niche,city,vol,cpc,local_in_top5,winner_pages_median,winner_pages_min,winner_words_median,weakest_competitor
water damage restoration austin,waterdamageaustinco.com,home services,Austin,200,55.0,1,0,0,3,lightspeedrestoration.com
garage door repair ann arbor,annarborgaragedoorrepairpros.com,home services,Ann Arbor,150,40.0,1,12,12,594,annarbordoor.com
moving services raleigh,raleighmovingcompanypros.com,home services,Raleigh,450,13.0,2,19,19,1090,dogwoodmoving.com
bathroom remodeling bellevue,bellevuebathroomremodeling.com,home services,Bellevue,500,11.0,3,29,18,287,omahabathremodel.com
gutter cleaning charlotte,charlotteguttercleaningpros.com,home services,Charlotte,500,15.0,3,43,40,2546,gleaminggutters.com
appliance repair tampa,appliancerepairtampaco.com,home services,Tampa,700,6.0,3,75,9,475,michaelsons.us
garage door repair mckinney,mckinneygaragedoorrepairpros.com,home services,McKinney,700,30.0,3,86,44,1267,garagedoorsmckinneytexas.com
foundation repair austin,foundationrepairaustinco.com,home services,Austin,200,16.0,4,93,18,978,welevelit.com
garage door repair overland park,overlandparkgaragedoorrepairpros.com,home services,Overland Park,200,40.0,4,110,6,1421,overlandparkgaragedoor.com
car accident lawyer salinas,salinascaraccidentlawyer.com,legal,Salinas,350,30.0,4,111,33,1468,rolmlawyers.com
furnace repair colorado springs,coloradospringsfurnacerepair.com,home services,Colorado Springs,350,40.0,3,113,73,2059,reliablehvachelp.com
garage door repair carrollton,carrolltongaragedoorrepairexperts.com,home services,Carrollton,300,25.0,3,114,6,1267,carrolltongaragedoorrepairs.com
tile roof repair tampa,tampatileroofrepair.com,home services,Tampa,300,30.0,4,128,9,840,billshieldsroofing.com
garage door repair naperville,garagedoorrepairnapervillepros.com,home services,Naperville,300,30.0,4,145,6,481,a1napervillegaragedoor.com
air conditioning installation los angeles,losangelesacinstall.com,home services,Los Angeles,250,20.0,3,147,35,982,circulatingair.com
garage door repair fort worth,fortworthgaragedoorrepairpros.com,home services,Fort Worth,900,30.0,3,148,114,2034,overheadgaragedoorllc.com
dui lawyer san jose,sanjoseduilawyerpros.com,legal,San Jose,500,20.0,4,153,17,2801,sjdefender.com
garage door repair garland,garlandgaragedoorrepairexperts.com,home services,Garland,300,20.0,3,154,121,1434,truesafegaragedoors.com
garage door repair parker,parkergaragedoorrepairexperts.com,home services,Parker,150,40.0,3,157,84,2138,mountainviewgaragedoorrepairs.com
car accident lawyer santa barbara,santabarbaracaraccidentlawyer.com,legal,Santa Barbara,200,45.0,4,167,71,1643,johnbrichardslaw.com
garage door repair scottsdale,scottsdalegaragedoorrepairpros.com,home services,Scottsdale,350,35.0,3,168,106,1227,above-allgaragedoor.com
emergency plumbing san jose,sanjoseemergencyplumberpros.com,home services,San Jose,450,55.0,3,173,29,634,arroyo-plumbing.com
car accident lawyer modesto,modestocaraccidentlawyerpros.com,legal,Modesto,500,40.0,3,192,103,1778,fabbrolawcentralvalley.com
truck accident lawyer birmingham,birminghamtruckaccidentlawyerpros.com,legal,Birmingham,150,85.0,5,193,51,1674,rileyjacksonlaw.com
emergency plumbing atlanta,atlantaemergencyplumberpros.com,home services,Atlanta,350,35.0,3,207,134,978,callallgood.com
garage door repair boca raton,bocaratongaragedoorrepairpros.com,home services,Boca Raton,400,35.0,4,210,10,1331,mrfixitdoors.com
dui lawyer tempe,tempeduilawyerpros.com,legal,Tempe,400,35.0,4,218,103,1247,thetalcottlawfirm.com
window replacement dallas,dallaswindowreplacementexperts.com,home services,Dallas,200,9.0,2,232,169,1343,windowworlddfw.com
personal injury lawyer virginia beach,virginiabeachpersonalinjurylawyerpros.com,legal,Virginia Beach,250,30.0,4,239,121,1168,ernestlawgroup.net
garage door repair frisco,friscogaragedoorrepairexperts.com,home services,Frisco,200,25.0,4,248,154,749,repairgaragedoors.com
emergency plumbing tucson,tucsonemergencyplumberpros.com,home services,Tucson,250,55.0,3,250,26,1476,tucsonplumbing.com
criminal defense lawyer tampa,tampacriminaldefenselawyerpros.com,legal,Tampa,300,35.0,3,251,14,2050,jesseniarosaleslaw.com
divorce lawyer denver,denverdivorcelawyerpros.com,legal,Denver,600,20.0,3,253,50,1637,marquezlaw.com
wrongful death lawyer dallas,dallaswrongfuldeathlawyerpros.com,legal,Dallas,450,75.0,5,255,39,2058,messinalegal.com
wrongful termination lawyer san diego,sandiegowrongfulterminationlaw.com,legal,San Diego,500,25.0,4,261,34,1854,attorneydouglaswalters.com
air conditioner repair sacramento,sacramentoacrepair.com,home services,Sacramento,900,20.0,3,281,184,1437,gilmoreair.com
car accident lawyer virginia beach,virginiabeachcaraccidentlawyerpros.com,legal,Virginia Beach,450,95.0,4,301,75,1524,barneyinjurylaw.com
family law attorney tampa,tampafamilylawattorneypros.com,legal,Tampa,500,10.0,4,302,28,1410,thewomenslawgroup.com
personal injury lawyer modesto,modestopersonalinjurylawyerpros.com,legal,Modesto,400,40.0,4,311,103,1652,fabbrolawcentralvalley.com
motorcycle accident lawyer new orleans,neworleansmotorcycleaccidentlawyerpros.com,legal,New Orleans,350,50.0,4,314,91,867,betonbranch.com
dui lawyer orlando,orlandoduilawyerpros.com,legal,Orlando,350,30.0,3,325,136,1488,duidefendersorlando.com
furnace repair denver,denverfurnacerepairpros.com,home services,Denver,200,50.0,3,340,299,2219,bellplumbing.com
domestic violence lawyer fort lauderdale,fortlauderdaledomesticviolencelawyer.com,legal,Fort Lauderdale,200,75.0,4,348,39,1438,defendingyou.com
dui lawyer newport beach,newportbeachduilawyerpros.com,legal,Newport Beach,200,55.0,4,351,181,2860,criminaldefensestrikeforce.com
garage door repair danville,danvillegaragedoorrepairpros.com,home services,Danville,150,40.0,4,352,58,1449,acesgaragedoorrepairdublin.com
roof inspection austin,austinroofinspectionpros.com,home services,Austin,250,25.0,3,354,45,780,j-connroofing.com
emergency plumbing kansas city,kansascityemergencyplumber.com,home services,Kansas City,500,50.0,4,360,170,1254,qualityplumbing.com
personal injury lawyer santa ana,santaanapersonalinjurylawyerpros.com,legal,Santa Ana,700,30.0,4,374,169,2297,wshapiro.com
emergency plumbing jacksonville,jacksonvilleemergencyplumberpros.com,home services,Jacksonville,150,45.0,4,391,69,1557,rivercityplumbingjax.com
emergency plumbing arvada,arvadaemergencyplumber.com,home services,Arvada,200,90.0,3,394,394,1017,blueskyplumbing.com
emergency plumbing colorado springs,coloradospringsemergencyplumber.com,home services,Colorado Springs,150,55.0,3,397,96,2134,olsonph.com
personal injury lawyer cincinnati,cincinnatipersonalinjurylawyerpros.com,legal,Cincinnati,500,40.0,4,403,159,1741,cincinnatipersonalinjurylaw.com
wrongful death lawyer austin,austinwrongfuldeathlawyerpros.com,legal,Austin,250,55.0,5,403,74,3730,legallee.com
dog bite lawyer los angeles,losangelesdogbitelawyerpros.com,legal,Los Angeles,800,45.0,5,405,231,2476,dogbitelawgroup.com
personal injury lawyer oceanside,oceansidepersonalinjurylawyerpros.com,legal,Oceanside,150,60.0,4,426,216,3290,brafflawfirm.com
garage door repair eden prairie,edenprairiegaragedoorrepairpros.com,home services,Eden Prairie,300,20.0,4,454,69,2915,carlsongaragedoorrepair.com
dog bite lawyer atlanta,atlantadogbitelawyerpros.com,legal,Atlanta,200,60.0,5,465,38,1900,thegeorgiadogbitelawyer.com
air conditioner repair modesto,modestoacrepairpros.com,home services,Modesto,450,25.0,4,478,269,1333,lovesair.com
air conditioner repair allen,allenacrepairpros.com,home services,Allen,400,35.0,4,517,30,1646,acrepairallentx.com
personal injury lawyer long beach,longbeachpersonalinjurylawyerpros.com,legal,Long Beach,700,30.0,3,517,149,970,belalhamidehlaw.com
air conditioner repair mesquite,mesquiteacrepairpros.com,home services,Mesquite,150,25.0,4,517,36,884,mesquiteheatingandair.com
motorcycle accident lawyer houston,houstonmotorcycleaccidentlawyerpros.com,legal,Houston,1100,85.0,4,522,369,5433,charlesargento.com
car accident lawyer victorville,victorvillecaraccidentlawyerpros.com,legal,Victorville,200,30.0,4,535,68,1717,elawfirm.net
personal injury lawyer jonesboro,jonesboropersonalinjurylawyerpros.com,legal,Jonesboro,400,30.0,4,547,129,1829,wellsandwellslaw.com
car accident lawyer louisville,louisvillecaraccidentlawyerpros.com,legal,Louisville,200,45.0,5,585,197,2480,attorneydesmond.com
dog bite lawyer las vegas,lasvegasdogbitelawyerpros.com,legal,Las Vegas,400,45.0,5,629,54,2746,meeshamoultonlaw.com
dog bite lawyer new york,newyorkdogbitelawyerpros.com,legal,New York,250,40.0,5,693,89,1365,nydogbite.com
wrongful death lawyer fresno,fresnowrongfuldeathlawyerpros.com,legal,Fresno,350,45.0,3,709,108,1159,chandlerlaw.com
car accident lawyer oxnard,oxnardcaraccidentlawyerpros.com,legal,Oxnard,400,30.0,4,724,132,2152,richardinjurylaw.com
car accident lawyer concord,concordcaraccidentlawyerpros.com,legal,Concord,350,45.0,4,855,416,2814,deweyramsayhunt.com
wrongful death lawyer jacksonville,jacksonvillewrongfuldeathlawyerpros.com,legal,Jacksonville,250,55.0,4,879,559,2515,harrellandharrell.com
moving services san jose,sanjosemovingcompanypros.com,home services,San Jose,350,14.0,3,885,885,1415,meatheadmovers.com
personal injury lawyer concord,concordpersonalinjurylawyer.com,legal,Concord,300,35.0,4,953,665,2793,jcolaw.com
car accident lawyer west covina,westcovinacaraccidentlawyerpros.com,legal,West Covina,250,70.0,4,1005,247,1577,accidentattorneytim.com
mold remediation colorado springs,coloradospringsmoldremediationexperts.com,home services,Colorado Springs,300,25.0,3,1098,98,947,cmsrestorationco.com
dog bite lawyer san diego,sandiegodogbitelawyerpros.com,legal,San Diego,900,60.0,5,1125,231,1526,dogbitelawgroup.com
dog bite lawyer sacramento,sacramentodogbitelawyerpros.com,legal,Sacramento,500,70.0,5,1171,94,1377,millerinjury.com
car accident lawyer harrisburg,harrisburgcaraccidentlawyerpros.com,legal,Harrisburg,200,65.0,4,1310,41,3761,waynewright.com
garage door repair marietta,mariettagaragedoorrepairpros.com,home services,Marietta,200,45.0,4,1689,16,1904,dontpanicdoor.com
leak detection phoenix,phoenixleakdetectionpros.com,home services,Phoenix,250,35.0,4,3391,97,600,pinpointleakaz.com
leak detection san diego,sandiegoleakdetectionpros.com,home services,San Diego,450,20.0,4,3391,37,491,cpldetection.com
bathroom remodeling arlington,arlingtonbathroomremodelingpros.com,home services,Arlington,300,35.0,4,5774,394,2065,lonestarhomeremodelingpros.com
moving services orlando,orlandomovingcompanypros.com,home services,Orlando,350,12.0,2,10447,21,1384,sebastianmoving.com
