domain,niche,business name,phone,phone (digits),city,state,website,service,service area,description to paste
allenacrepairpros.com,home services,Allen Air Conditioner Repair Pros,(214) 722-4321,+12147224321,Allen,TX,https://allenacrepairpros.com/,Air Conditioner Repair,Collin,"Allen Air Conditioner Repair Pros connects Allen, TX homeowners with local air conditioner repair professionals. Call (214) 722-4321 to describe the problem and get a price before any work begins."
annarborgaragedoorrepairpros.com,home services,Ann Arbor Garage Door Repair Pros,(734) 888-2606,+17348882606,Ann Arbor,MI,https://annarborgaragedoorrepairpros.com/,Garage Door Repair,Washtenaw,"Ann Arbor Garage Door Repair Pros connects Ann Arbor, MI homeowners with local garage door repair professionals. Call (734) 888-2606 to describe the problem and get a price before any work begins."
appliancerepairtampaco.com,home services,Tampa Appliance Repair Pros,(813) 722-1409,+18137221409,Tampa,FL,https://appliancerepairtampaco.com/,Appliance Repair,Hillsborough,"Tampa Appliance Repair Pros connects Tampa, FL homeowners with local appliance repair professionals. Call (813) 722-1409 to describe the problem and get a price before any work begins."
arlingtonbathroomremodelingpros.com,home services,Arlington Bathroom Remodeling Pros,(682) 628-2026,+16826282026,Arlington,TX,https://arlingtonbathroomremodelingpros.com/,Bathroom Remodeling,Tarrant,"Arlington Bathroom Remodeling Pros connects Arlington, TX homeowners with local bathroom remodeling professionals. Call (682) 628-2026 to describe the problem and get a price before any work begins."
arvadaemergencyplumber.com,home services,Arvada Emergency Plumbing Pros,(720) 640-0287,+17206400287,Arvada,CO,https://arvadaemergencyplumber.com/,Emergency Plumbing,Jefferson,"Arvada Emergency Plumbing Pros connects Arvada, CO homeowners with local emergency plumbing professionals. Call (720) 640-0287 to describe the problem and get a price before any work begins."
atlantadogbitelawyerpros.com,legal,Atlanta Dog Bite Law Pros,(404) 666-7615,+14046667615,Atlanta,GA,https://atlantadogbitelawyerpros.com/,Dog Bite Lawyer,"Cobb, Dekalb, Fulton","Atlanta Dog Bite Law Pros connects Atlanta, GA homeowners with local dog bite lawyer professionals. Call (404) 666-7615 to describe the problem and get a price before any work begins."
atlantaemergencyplumberpros.com,home services,Atlanta Emergency Plumbing Pros,(404) 341-4588,+14043414588,Atlanta,GA,https://atlantaemergencyplumberpros.com/,Emergency Plumbing,"Cobb, Dekalb, Fulton","Atlanta Emergency Plumbing Pros connects Atlanta, GA homeowners with local emergency plumbing professionals. Call (404) 341-4588 to describe the problem and get a price before any work begins."
austinroofinspectionpros.com,home services,Austin Roof Inspection Pros,(512) 543-9525,+15125439525,Austin,TX,https://austinroofinspectionpros.com/,Roof Inspection,"Hays, Travis, Williamson","Austin Roof Inspection Pros connects Austin, TX homeowners with local roof inspection professionals. Call (512) 543-9525 to describe the problem and get a price before any work begins."
austinwrongfuldeathlawyerpros.com,legal,Austin Wrongful Death Law Pros,(512) 729-9561,+15127299561,Austin,TX,https://austinwrongfuldeathlawyerpros.com/,Wrongful Death Lawyer,"Hays, Travis, Williamson","Austin Wrongful Death Law Pros connects Austin, TX homeowners with local wrongful death lawyer professionals. Call (512) 729-9561 to describe the problem and get a price before any work begins."
bellevuebathroomremodeling.com,home services,Bellevue Bathroom Remodeling Pros,(402) 698-8275,+14026988275,Bellevue,NE,https://bellevuebathroomremodeling.com/,Bathroom Remodeling,Sarpy,"Bellevue Bathroom Remodeling Pros connects Bellevue, NE homeowners with local bathroom remodeling professionals. Call (402) 698-8275 to describe the problem and get a price before any work begins."
birminghamtruckaccidentlawyerpros.com,legal,Birmingham Truck Accident Law Pros,(205) 931-3685,+12059313685,Birmingham,AL,https://birminghamtruckaccidentlawyerpros.com/,Truck Accident Lawyer,"Jefferson, Shelby","Birmingham Truck Accident Law Pros connects Birmingham, AL homeowners with local truck accident lawyer professionals. Call (205) 931-3685 to describe the problem and get a price before any work begins."
bocaratongaragedoorrepairpros.com,home services,Boca Raton Garage Door Repair Pros,(561) 576-0305,+15615760305,Boca Raton,FL,https://bocaratongaragedoorrepairpros.com/,Garage Door Repair,Palm Beach,"Boca Raton Garage Door Repair Pros connects Boca Raton, FL homeowners with local garage door repair professionals. Call (561) 576-0305 to describe the problem and get a price before any work begins."
carrolltongaragedoorrepairexperts.com,home services,Carrollton Garage Door Repair Pros,(214) 817-0539,+12148170539,Carrollton,TX,https://carrolltongaragedoorrepairexperts.com/,Garage Door Repair,"Dallas, Denton","Carrollton Garage Door Repair Pros connects Carrollton, TX homeowners with local garage door repair professionals. Call (214) 817-0539 to describe the problem and get a price before any work begins."
charlotteguttercleaningpros.com,home services,Charlotte Gutter Cleaning Pros,(980) 907-8311,+19809078311,Charlotte,NC,https://charlotteguttercleaningpros.com/,Gutter Cleaning,Mecklenburg,"Charlotte Gutter Cleaning Pros connects Charlotte, NC homeowners with local gutter cleaning professionals. Call (980) 907-8311 to describe the problem and get a price before any work begins."
cincinnatipersonalinjurylawyerpros.com,legal,Cincinnati Personal Injury Law Pros,(513) 796-9335,+15137969335,Cincinnati,OH,https://cincinnatipersonalinjurylawyerpros.com/,Personal Injury Lawyer,"Hamilton, Clermont","Cincinnati Personal Injury Law Pros connects Cincinnati, OH homeowners with local personal injury lawyer professionals. Call (513) 796-9335 to describe the problem and get a price before any work begins."
coloradospringsemergencyplumber.com,home services,Colorado Springs Emergency Plumbing Pros,(719) 850-5028,+17198505028,Colorado Springs,CO,https://coloradospringsemergencyplumber.com/,Emergency Plumbing,El Paso,"Colorado Springs Emergency Plumbing Pros connects Colorado Springs, CO homeowners with local emergency plumbing professionals. Call (719) 850-5028 to describe the problem and get a price before any work begins."
coloradospringsfurnacerepair.com,home services,Colorado Springs Furnace Repair Pros,(719) 872-1436,+17198721436,Colorado Springs,CO,https://coloradospringsfurnacerepair.com/,Furnace Repair,El Paso,"Colorado Springs Furnace Repair Pros connects Colorado Springs, CO homeowners with local furnace repair professionals. Call (719) 872-1436 to describe the problem and get a price before any work begins."
coloradospringsmoldremediationexperts.com,home services,Colorado Springs Mold Remediation Pros,(719) 435-8032,+17194358032,Colorado Springs,CO,https://coloradospringsmoldremediationexperts.com/,Mold Remediation,El Paso,"Colorado Springs Mold Remediation Pros connects Colorado Springs, CO homeowners with local mold remediation professionals. Call (719) 435-8032 to describe the problem and get a price before any work begins."
concordcaraccidentlawyerpros.com,legal,Concord Car Accident Law Pros,(704) 951-1636,+17049511636,Concord,NC,https://concordcaraccidentlawyerpros.com/,Car Accident Lawyer,Cabarrus,"Concord Car Accident Law Pros connects Concord, NC homeowners with local car accident lawyer professionals. Call (704) 951-1636 to describe the problem and get a price before any work begins."
concordpersonalinjurylawyer.com,legal,Concord Personal Injury Law Pros,(704) 471-3231,+17044713231,Concord,NC,https://concordpersonalinjurylawyer.com/,Personal Injury Lawyer,Cabarrus,"Concord Personal Injury Law Pros connects Concord, NC homeowners with local personal injury lawyer professionals. Call (704) 471-3231 to describe the problem and get a price before any work begins."
dallaswindowreplacementexperts.com,home services,Dallas Window Replacement Pros,(214) 817-0398,+12148170398,Dallas,TX,https://dallaswindowreplacementexperts.com/,Window Replacement,"Dallas, Collin","Dallas Window Replacement Pros connects Dallas, TX homeowners with local window replacement professionals. Call (214) 817-0398 to describe the problem and get a price before any work begins."
dallaswrongfuldeathlawyerpros.com,legal,Dallas Wrongful Death Law Pros,(214) 617-0560,+12146170560,Dallas,TX,https://dallaswrongfuldeathlawyerpros.com/,Wrongful Death Lawyer,"Dallas, Collin","Dallas Wrongful Death Law Pros connects Dallas, TX homeowners with local wrongful death lawyer professionals. Call (214) 617-0560 to describe the problem and get a price before any work begins."
danvillegaragedoorrepairpros.com,home services,Danville Garage Door Repair Pros,(925) 230-5528,+19252305528,Danville,CA,https://danvillegaragedoorrepairpros.com/,Garage Door Repair,Contra Costa,"Danville Garage Door Repair Pros connects Danville, CA homeowners with local garage door repair professionals. Call (925) 230-5528 to describe the problem and get a price before any work begins."
denverdivorcelawyerpros.com,legal,Denver Divorce Law Pros,(303) 955-3375,+13039553375,Denver,CO,https://denverdivorcelawyerpros.com/,Divorce Lawyer,"Denver, Adams, Arapahoe, Jefferson","Denver Divorce Law Pros connects Denver, CO homeowners with local divorce lawyer professionals. Call (303) 955-3375 to describe the problem and get a price before any work begins."
denverfurnacerepairpros.com,home services,Denver Furnace Repair Pros,(303) 955-3612,+13039553612,Denver,CO,https://denverfurnacerepairpros.com/,Furnace Repair,"Denver, Adams, Arapahoe, Jefferson","Denver Furnace Repair Pros connects Denver, CO homeowners with local furnace repair professionals. Call (303) 955-3612 to describe the problem and get a price before any work begins."
edenprairiegaragedoorrepairpros.com,home services,Eden Prairie Garage Door Repair Pros,(952) 866-9214,+19528669214,Eden Prairie,MN,https://edenprairiegaragedoorrepairpros.com/,Garage Door Repair,Hennepin,"Eden Prairie Garage Door Repair Pros connects Eden Prairie, MN homeowners with local garage door repair professionals. Call (952) 866-9214 to describe the problem and get a price before any work begins."
fortlauderdaledomesticviolencelawyer.com,legal,Fort Lauderdale Domestic Violence Law Pros,(754) 291-8480,+17542918480,Fort Lauderdale,FL,https://fortlauderdaledomesticviolencelawyer.com/,Domestic Violence Lawyer,Broward,"Fort Lauderdale Domestic Violence Law Pros connects Fort Lauderdale, FL homeowners with local domestic violence lawyer professionals. Call (754) 291-8480 to describe the problem and get a price before any work begins."
fortworthgaragedoorrepairpros.com,home services,Fort Worth Garage Door Repair Pros,(682) 380-8979,+16823808979,Fort Worth,TX,https://fortworthgaragedoorrepairpros.com/,Garage Door Repair,Tarrant,"Fort Worth Garage Door Repair Pros connects Fort Worth, TX homeowners with local garage door repair professionals. Call (682) 380-8979 to describe the problem and get a price before any work begins."
foundationrepairaustinco.com,home services,Austin Foundation Repair Pros,(512) 729-9323,+15127299323,Austin,TX,https://foundationrepairaustinco.com/,Foundation Repair,"Hays, Travis, Williamson","Austin Foundation Repair Pros connects Austin, TX homeowners with local foundation repair professionals. Call (512) 729-9323 to describe the problem and get a price before any work begins."
fresnowrongfuldeathlawyerpros.com,legal,Fresno Wrongful Death Law Pros,(559) 340-5097,+15593405097,Fresno,CA,https://fresnowrongfuldeathlawyerpros.com/,Wrongful Death Lawyer,Fresno,"Fresno Wrongful Death Law Pros connects Fresno, CA homeowners with local wrongful death lawyer professionals. Call (559) 340-5097 to describe the problem and get a price before any work begins."
friscogaragedoorrepairexperts.com,home services,Frisco Garage Door Repair Pros,(214) 997-0301,+12149970301,Frisco,TX,https://friscogaragedoorrepairexperts.com/,Garage Door Repair,"Collin, Denton","Frisco Garage Door Repair Pros connects Frisco, TX homeowners with local garage door repair professionals. Call (214) 997-0301 to describe the problem and get a price before any work begins."
garagedoorrepairnapervillepros.com,home services,Naperville Garage Door Pros,(630) 389-8193,+16303898193,Naperville,IL,https://garagedoorrepairnapervillepros.com/,Garage Door Repair,"DuPage, Will","Naperville Garage Door Pros connects Naperville, IL homeowners with local garage door repair professionals. Call (630) 389-8193 to describe the problem and get a price before any work begins."
garlandgaragedoorrepairexperts.com,home services,Garland Garage Door Repair Pros,(214) 935-5873,+12149355873,Garland,TX,https://garlandgaragedoorrepairexperts.com/,Garage Door Repair,Dallas,"Garland Garage Door Repair Pros connects Garland, TX homeowners with local garage door repair professionals. Call (214) 935-5873 to describe the problem and get a price before any work begins."
harrisburgcaraccidentlawyerpros.com,legal,Harrisburg Car Accident Law Pros,(717) 500-8218,+17175008218,Harrisburg,PA,https://harrisburgcaraccidentlawyerpros.com/,Car Accident Lawyer,Dauphin,"Harrisburg Car Accident Law Pros connects Harrisburg, PA homeowners with local car accident lawyer professionals. Call (717) 500-8218 to describe the problem and get a price before any work begins."
houstonmotorcycleaccidentlawyerpros.com,legal,Houston Motorcycle Accident Law Pros,(713) 715-4760,+17137154760,Houston,TX,https://houstonmotorcycleaccidentlawyerpros.com/,Motorcycle Accident Lawyer,"Harris, Fort Bend","Houston Motorcycle Accident Law Pros connects Houston, TX homeowners with local motorcycle accident lawyer professionals. Call (713) 715-4760 to describe the problem and get a price before any work begins."
jacksonvilleemergencyplumberpros.com,home services,Jacksonville Emergency Plumbing Pros,(904) 582-1651,+19045821651,Jacksonville,FL,https://jacksonvilleemergencyplumberpros.com/,Emergency Plumbing,"Duval, Saint Johns","Jacksonville Emergency Plumbing Pros connects Jacksonville, FL homeowners with local emergency plumbing professionals. Call (904) 582-1651 to describe the problem and get a price before any work begins."
jacksonvillewrongfuldeathlawyerpros.com,legal,Jacksonville Wrongful Death Law Pros,(904) 663-0155,+19046630155,Jacksonville,FL,https://jacksonvillewrongfuldeathlawyerpros.com/,Wrongful Death Lawyer,"Duval, Saint Johns","Jacksonville Wrongful Death Law Pros connects Jacksonville, FL homeowners with local wrongful death lawyer professionals. Call (904) 663-0155 to describe the problem and get a price before any work begins."
jonesboropersonalinjurylawyerpros.com,legal,Jonesboro Personal Injury Law Pros,(870) 384-3198,+18703843198,Jonesboro,AR,https://jonesboropersonalinjurylawyerpros.com/,Personal Injury Lawyer,Craighead,"Jonesboro Personal Injury Law Pros connects Jonesboro, AR homeowners with local personal injury lawyer professionals. Call (870) 384-3198 to describe the problem and get a price before any work begins."
kansascityemergencyplumber.com,home services,Kansas City Emergency Plumbing Pros,(816) 264-1558,+18162641558,Kansas City,MO,https://kansascityemergencyplumber.com/,Emergency Plumbing,"Jackson, Clay, Platte","Kansas City Emergency Plumbing Pros connects Kansas City, MO homeowners with local emergency plumbing professionals. Call (816) 264-1558 to describe the problem and get a price before any work begins."
lasvegasdogbitelawyerpros.com,legal,Las Vegas Dog Bite Law Pros,(702) 827-7970,+17028277970,Las Vegas,NV,https://lasvegasdogbitelawyerpros.com/,Dog Bite Lawyer,Clark,"Las Vegas Dog Bite Law Pros connects Las Vegas, NV homeowners with local dog bite lawyer professionals. Call (702) 827-7970 to describe the problem and get a price before any work begins."
longbeachpersonalinjurylawyerpros.com,legal,Long Beach Personal Injury Law Pros,(562) 586-9166,+15625869166,Long Beach,CA,https://longbeachpersonalinjurylawyerpros.com/,Personal Injury Lawyer,Los Angeles,"Long Beach Personal Injury Law Pros connects Long Beach, CA homeowners with local personal injury lawyer professionals. Call (562) 586-9166 to describe the problem and get a price before any work begins."
losangelesacinstall.com,home services,Los Angeles Air Conditioning Installation Pros,(213) 771-9221,+12137719221,Los Angeles,CA,https://losangelesacinstall.com/,Air Conditioning Installation,Los Angeles,"Los Angeles Air Conditioning Installation Pros connects Los Angeles, CA homeowners with local air conditioning installation professionals. Call (213) 771-9221 to describe the problem and get a price before any work begins."
losangelesdogbitelawyerpros.com,legal,Los Angeles Dog Bite Law Pros,(213) 953-1047,+12139531047,Los Angeles,CA,https://losangelesdogbitelawyerpros.com/,Dog Bite Lawyer,Los Angeles,"Los Angeles Dog Bite Law Pros connects Los Angeles, CA homeowners with local dog bite lawyer professionals. Call (213) 953-1047 to describe the problem and get a price before any work begins."
louisvillecaraccidentlawyerpros.com,legal,Louisville Car Accident Law Pros,(502) 268-4918,+15022684918,Louisville,KY,https://louisvillecaraccidentlawyerpros.com/,Car Accident Lawyer,Jefferson,"Louisville Car Accident Law Pros connects Louisville, KY homeowners with local car accident lawyer professionals. Call (502) 268-4918 to describe the problem and get a price before any work begins."
mariettagaragedoorrepairpros.com,home services,Marietta Garage Door Repair Pros,(678) 719-4781,+16787194781,Marietta,GA,https://mariettagaragedoorrepairpros.com/,Garage Door Repair,Cobb,"Marietta Garage Door Repair Pros connects Marietta, GA homeowners with local garage door repair professionals. Call (678) 719-4781 to describe the problem and get a price before any work begins."
mckinneygaragedoorrepairpros.com,home services,McKinney Garage Door Repair Pros,(214) 935-5494,+12149355494,McKinney,TX,https://mckinneygaragedoorrepairpros.com/,Garage Door Repair,Collin,"McKinney Garage Door Repair Pros connects McKinney, TX homeowners with local garage door repair professionals. Call (214) 935-5494 to describe the problem and get a price before any work begins."
mesquiteacrepairpros.com,home services,Mesquite Air Conditioner Repair Pros,(214) 390-8347,+12143908347,Mesquite,TX,https://mesquiteacrepairpros.com/,Air Conditioner Repair,Dallas,"Mesquite Air Conditioner Repair Pros connects Mesquite, TX homeowners with local air conditioner repair professionals. Call (214) 390-8347 to describe the problem and get a price before any work begins."
modestoacrepairpros.com,home services,Modesto Air Conditioner Repair Pros,(209) 309-9163,+12093099163,Modesto,CA,https://modestoacrepairpros.com/,Air Conditioner Repair,Stanislaus,"Modesto Air Conditioner Repair Pros connects Modesto, CA homeowners with local air conditioner repair professionals. Call (209) 309-9163 to describe the problem and get a price before any work begins."
modestocaraccidentlawyerpros.com,legal,Modesto Car Accident Law Pros,(209) 805-9881,+12098059881,Modesto,CA,https://modestocaraccidentlawyerpros.com/,Car Accident Lawyer,Stanislaus,"Modesto Car Accident Law Pros connects Modesto, CA homeowners with local car accident lawyer professionals. Call (209) 805-9881 to describe the problem and get a price before any work begins."
modestopersonalinjurylawyerpros.com,legal,Modesto Personal Injury Law Pros,(209) 309-9564,+12093099564,Modesto,CA,https://modestopersonalinjurylawyerpros.com/,Personal Injury Lawyer,Stanislaus,"Modesto Personal Injury Law Pros connects Modesto, CA homeowners with local personal injury lawyer professionals. Call (209) 309-9564 to describe the problem and get a price before any work begins."
neworleansmotorcycleaccidentlawyerpros.com,legal,New Orleans Motorcycle Accident Law Pros,(504) 520-4493,+15045204493,New Orleans,LA,https://neworleansmotorcycleaccidentlawyerpros.com/,Motorcycle Accident Lawyer,"Jefferson, Orleans","New Orleans Motorcycle Accident Law Pros connects New Orleans, LA homeowners with local motorcycle accident lawyer professionals. Call (504) 520-4493 to describe the problem and get a price before any work begins."
newportbeachduilawyerpros.com,legal,Newport Beach DUI Law Pros,(949) 593-2793,+19495932793,Newport Beach,CA,https://newportbeachduilawyerpros.com/,DUI Lawyer,Orange,"Newport Beach DUI Law Pros connects Newport Beach, CA homeowners with local dui lawyer professionals. Call (949) 593-2793 to describe the problem and get a price before any work begins."
newyorkdogbitelawyerpros.com,legal,New York Dog Bite Law Pros,(646) 914-9310,+16469149310,New York,NY,https://newyorkdogbitelawyerpros.com/,Dog Bite Lawyer,New York,"New York Dog Bite Law Pros connects New York, NY homeowners with local dog bite lawyer professionals. Call (646) 914-9310 to describe the problem and get a price before any work begins."
oceansidepersonalinjurylawyerpros.com,legal,Oceanside Personal Injury Law Pros,(442) 246-8708,+14422468708,Oceanside,CA,https://oceansidepersonalinjurylawyerpros.com/,Personal Injury Lawyer,San Diego,"Oceanside Personal Injury Law Pros connects Oceanside, CA homeowners with local personal injury lawyer professionals. Call (442) 246-8708 to describe the problem and get a price before any work begins."
orlandoduilawyerpros.com,legal,Orlando DUI Law Pros,(321) 463-9784,+13214639784,Orlando,FL,https://orlandoduilawyerpros.com/,DUI Lawyer,"Orange, Brevard","Orlando DUI Law Pros connects Orlando, FL homeowners with local dui lawyer professionals. Call (321) 463-9784 to describe the problem and get a price before any work begins."
orlandomovingcompanypros.com,home services,Orlando Moving Services Pros,(321) 463-9055,+13214639055,Orlando,FL,https://orlandomovingcompanypros.com/,Moving Services,"Orange, Brevard","Orlando Moving Services Pros connects Orlando, FL homeowners with local moving services professionals. Call (321) 463-9055 to describe the problem and get a price before any work begins."
overlandparkgaragedoorrepairpros.com,home services,Overland Park Garage Door Repair Pros,(913) 799-8294,+19137998294,Overland Park,KS,https://overlandparkgaragedoorrepairpros.com/,Garage Door Repair,Johnson,"Overland Park Garage Door Repair Pros connects Overland Park, KS homeowners with local garage door repair professionals. Call (913) 799-8294 to describe the problem and get a price before any work begins."
oxnardcaraccidentlawyerpros.com,legal,Oxnard Car Accident Law Pros,(805) 344-5595,+18053445595,Oxnard,CA,https://oxnardcaraccidentlawyerpros.com/,Car Accident Lawyer,Ventura,"Oxnard Car Accident Law Pros connects Oxnard, CA homeowners with local car accident lawyer professionals. Call (805) 344-5595 to describe the problem and get a price before any work begins."
parkergaragedoorrepairexperts.com,home services,Parker Garage Door Repair Pros,(720) 735-8376,+17207358376,Parker,CO,https://parkergaragedoorrepairexperts.com/,Garage Door Repair,Douglas,"Parker Garage Door Repair Pros connects Parker, CO homeowners with local garage door repair professionals. Call (720) 735-8376 to describe the problem and get a price before any work begins."
phoenixleakdetectionpros.com,home services,Phoenix Leak Detection Pros,(602) 894-0220,+16028940220,Phoenix,AZ,https://phoenixleakdetectionpros.com/,Leak Detection,Maricopa,"Phoenix Leak Detection Pros connects Phoenix, AZ homeowners with local leak detection professionals. Call (602) 894-0220 to describe the problem and get a price before any work begins."
raleighmovingcompanypros.com,home services,Raleigh Moving Services Pros,(919) 913-6126,+19199136126,Raleigh,NC,https://raleighmovingcompanypros.com/,Moving Services,Wake,"Raleigh Moving Services Pros connects Raleigh, NC homeowners with local moving services professionals. Call (919) 913-6126 to describe the problem and get a price before any work begins."
sacramentoacrepair.com,home services,Sacramento Air Conditioner Repair Pros,(916) 884-9420,+19168849420,Sacramento,CA,https://sacramentoacrepair.com/,Air Conditioner Repair,Sacramento,"Sacramento Air Conditioner Repair Pros connects Sacramento, CA homeowners with local air conditioner repair professionals. Call (916) 884-9420 to describe the problem and get a price before any work begins."
sacramentodogbitelawyerpros.com,legal,Sacramento Dog Bite Law Pros,(916) 937-0789,+19169370789,Sacramento,CA,https://sacramentodogbitelawyerpros.com/,Dog Bite Lawyer,Sacramento,"Sacramento Dog Bite Law Pros connects Sacramento, CA homeowners with local dog bite lawyer professionals. Call (916) 937-0789 to describe the problem and get a price before any work begins."
salinascaraccidentlawyer.com,legal,Salinas Car Accident Law Pros,(831) 613-8424,+18316138424,Salinas,CA,https://salinascaraccidentlawyer.com/,Car Accident Lawyer,Monterey,"Salinas Car Accident Law Pros connects Salinas, CA homeowners with local car accident lawyer professionals. Call (831) 613-8424 to describe the problem and get a price before any work begins."
sandiegodogbitelawyerpros.com,legal,San Diego Dog Bite Law Pros,(619) 658-9664,+16196589664,San Diego,CA,https://sandiegodogbitelawyerpros.com/,Dog Bite Lawyer,San Diego,"San Diego Dog Bite Law Pros connects San Diego, CA homeowners with local dog bite lawyer professionals. Call (619) 658-9664 to describe the problem and get a price before any work begins."
sandiegoleakdetectionpros.com,home services,San Diego Leak Detection Pros,(619) 603-0192,+16196030192,San Diego,CA,https://sandiegoleakdetectionpros.com/,Leak Detection,San Diego,"San Diego Leak Detection Pros connects San Diego, CA homeowners with local leak detection professionals. Call (619) 603-0192 to describe the problem and get a price before any work begins."
sandiegowrongfulterminationlaw.com,legal,San Diego Wrongful Termination Law Pros,(619) 612-9902,+16196129902,San Diego,CA,https://sandiegowrongfulterminationlaw.com/,Wrongful Termination Lawyer,San Diego,"San Diego Wrongful Termination Law Pros connects San Diego, CA homeowners with local wrongful termination lawyer professionals. Call (619) 612-9902 to describe the problem and get a price before any work begins."
sanjoseduilawyerpros.com,legal,San Jose DUI Law Pros,(408) 745-4909,+14087454909,San Jose,CA,https://sanjoseduilawyerpros.com/,DUI Lawyer,Santa Clara,"San Jose DUI Law Pros connects San Jose, CA homeowners with local dui lawyer professionals. Call (408) 745-4909 to describe the problem and get a price before any work begins."
sanjoseemergencyplumberpros.com,home services,San Jose Emergency Plumbing Pros,(408) 512-2397,+14085122397,San Jose,CA,https://sanjoseemergencyplumberpros.com/,Emergency Plumbing,Santa Clara,"San Jose Emergency Plumbing Pros connects San Jose, CA homeowners with local emergency plumbing professionals. Call (408) 512-2397 to describe the problem and get a price before any work begins."
sanjosemovingcompanypros.com,home services,San Jose Moving Services Pros,(408) 461-6238,+14084616238,San Jose,CA,https://sanjosemovingcompanypros.com/,Moving Services,Santa Clara,"San Jose Moving Services Pros connects San Jose, CA homeowners with local moving services professionals. Call (408) 461-6238 to describe the problem and get a price before any work begins."
santaanapersonalinjurylawyerpros.com,legal,Santa Ana Personal Injury Law Pros,(657) 359-9924,+16573599924,Santa Ana,CA,https://santaanapersonalinjurylawyerpros.com/,Personal Injury Lawyer,Orange,"Santa Ana Personal Injury Law Pros connects Santa Ana, CA homeowners with local personal injury lawyer professionals. Call (657) 359-9924 to describe the problem and get a price before any work begins."
santabarbaracaraccidentlawyer.com,legal,Santa Barbara Car Accident Law Pros,(805) 467-0462,+18054670462,Santa Barbara,CA,https://santabarbaracaraccidentlawyer.com/,Car Accident Lawyer,Santa Barbara,"Santa Barbara Car Accident Law Pros connects Santa Barbara, CA homeowners with local car accident lawyer professionals. Call (805) 467-0462 to describe the problem and get a price before any work begins."
scottsdalegaragedoorrepairpros.com,home services,Scottsdale Garage Door Repair Pros,(480) 919-1801,+14809191801,Scottsdale,AZ,https://scottsdalegaragedoorrepairpros.com/,Garage Door Repair,Maricopa,"Scottsdale Garage Door Repair Pros connects Scottsdale, AZ homeowners with local garage door repair professionals. Call (480) 919-1801 to describe the problem and get a price before any work begins."
tampacriminaldefenselawyerpros.com,legal,Tampa Criminal Defense Law Pros,(813) 588-6602,+18135886602,Tampa,FL,https://tampacriminaldefenselawyerpros.com/,Criminal Defense Lawyer,Hillsborough,"Tampa Criminal Defense Law Pros connects Tampa, FL homeowners with local criminal defense lawyer professionals. Call (813) 588-6602 to describe the problem and get a price before any work begins."
tampafamilylawattorneypros.com,legal,Tampa Family Law Law Pros,(813) 845-8721,+18138458721,Tampa,FL,https://tampafamilylawattorneypros.com/,Family Law Attorney,Hillsborough,"Tampa Family Law Law Pros connects Tampa, FL homeowners with local family law attorney professionals. Call (813) 845-8721 to describe the problem and get a price before any work begins."
tampatileroofrepair.com,home services,Tampa Tile Roof Repair Pros,(813) 742-0423,+18137420423,Tampa,FL,https://tampatileroofrepair.com/,Tile Roof Repair,Hillsborough,"Tampa Tile Roof Repair Pros connects Tampa, FL homeowners with local tile roof repair professionals. Call (813) 742-0423 to describe the problem and get a price before any work begins."
tempeduilawyerpros.com,legal,Tempe DUI Law Pros,(480) 741-9606,+14807419606,Tempe,AZ,https://tempeduilawyerpros.com/,DUI Lawyer,Maricopa,"Tempe DUI Law Pros connects Tempe, AZ homeowners with local dui lawyer professionals. Call (480) 741-9606 to describe the problem and get a price before any work begins."
tucsonemergencyplumberpros.com,home services,Tucson Emergency Plumbing Pros,(520) 521-1268,+15205211268,Tucson,AZ,https://tucsonemergencyplumberpros.com/,Emergency Plumbing,Pima,"Tucson Emergency Plumbing Pros connects Tucson, AZ homeowners with local emergency plumbing professionals. Call (520) 521-1268 to describe the problem and get a price before any work begins."
victorvillecaraccidentlawyerpros.com,legal,Victorville Car Accident Law Pros,(442) 936-8681,+14429368681,Victorville,CA,https://victorvillecaraccidentlawyerpros.com/,Car Accident Lawyer,San Bernardino,"Victorville Car Accident Law Pros connects Victorville, CA homeowners with local car accident lawyer professionals. Call (442) 936-8681 to describe the problem and get a price before any work begins."
virginiabeachcaraccidentlawyerpros.com,legal,Virginia Beach Car Accident Law Pros,(757) 526-8901,+17575268901,Virginia Beach,VA,https://virginiabeachcaraccidentlawyerpros.com/,Car Accident Lawyer,Virginia Beach City,"Virginia Beach Car Accident Law Pros connects Virginia Beach, VA homeowners with local car accident lawyer professionals. Call (757) 526-8901 to describe the problem and get a price before any work begins."
virginiabeachpersonalinjurylawyerpros.com,legal,Virginia Beach Personal Injury Law Pros,(757) 684-8383,+17576848383,Virginia Beach,VA,https://virginiabeachpersonalinjurylawyerpros.com/,Personal Injury Lawyer,Virginia Beach City,"Virginia Beach Personal Injury Law Pros connects Virginia Beach, VA homeowners with local personal injury lawyer professionals. Call (757) 684-8383 to describe the problem and get a price before any work begins."
waterdamageaustinco.com,home services,Austin Water Damage Restoration Pros,(512) 566-1943,+15125661943,Austin,TX,https://waterdamageaustinco.com/,Water Damage Restoration,"Hays, Travis, Williamson","Austin Water Damage Restoration Pros connects Austin, TX homeowners with local water damage restoration professionals. Call (512) 566-1943 to describe the problem and get a price before any work begins."
westcovinacaraccidentlawyerpros.com,legal,West Covina Car Accident Law Pros,(626) 263-8045,+16262638045,West Covina,CA,https://westcovinacaraccidentlawyerpros.com/,Car Accident Lawyer,Los Angeles,"West Covina Car Accident Law Pros connects West Covina, CA homeowners with local car accident lawyer professionals. Call (626) 263-8045 to describe the problem and get a price before any work begins."
